23:29:37 INFO  : Registering command handlers for Vitis TCF services
23:29:37 INFO  : Launching XSCT server: xsct.bat -n  -interactive D:\vivado_first\2026_Project_AXI_I2C\vitis_workspace\temp_xsdb_launch_script.tcl
23:29:40 INFO  : XSCT server has started successfully.
23:29:40 INFO  : Platform repository initialization has completed.
23:29:45 INFO  : plnx-install-location is set to ''
23:29:45 INFO  : Successfully done setting XSCT server connection channel  
23:29:45 INFO  : Successfully done query RDI_DATADIR 
23:29:45 INFO  : Successfully done setting workspace for the tool. 
23:30:30 INFO  : Result from executing command 'getProjects': design_1_wrapper
23:30:30 INFO  : Result from executing command 'getPlatforms': 
23:30:30 WARN  : An unexpected exception occurred in the module 'platform project logging'
23:30:30 INFO  : Platform 'design_1_wrapper' is added to custom repositories.
23:30:32 INFO  : Platform 'design_1_wrapper' is added to custom repositories.
23:32:29 INFO  : Result from executing command 'getProjects': design_1_wrapper
23:32:29 INFO  : Result from executing command 'getPlatforms': design_1_wrapper|D:/vivado_first/2026_Project_AXI_I2C/vitis_workspace/design_1_wrapper/export/design_1_wrapper/design_1_wrapper.xpfm
23:32:29 INFO  : Checking for BSP changes to sync application flags for project 'AXI_I2C_p'...
10:59:50 INFO  : Launching XSCT server: xsct.bat -n  -interactive D:\vivado_first\2026_Project_AXI_I2C\vitis_workspace\temp_xsdb_launch_script.tcl
10:59:53 INFO  : XSCT server has started successfully.
10:59:54 INFO  : Successfully done setting XSCT server connection channel  
10:59:54 INFO  : plnx-install-location is set to ''
10:59:54 INFO  : Successfully done setting workspace for the tool. 
10:59:57 INFO  : Platform repository initialization has completed.
10:59:57 INFO  : Registering command handlers for Vitis TCF services
11:00:03 INFO  : Successfully done query RDI_DATADIR 
15:03:18 INFO  : Checking for BSP changes to sync application flags for project 'AXI_I2C_p'...
13:27:11 INFO  : Launching XSCT server: xsct.bat -n  -interactive D:\vivado_first\2026_Project_AXI_I2C\vitis_workspace\temp_xsdb_launch_script.tcl
13:27:13 INFO  : XSCT server has started successfully.
13:27:13 INFO  : Successfully done setting XSCT server connection channel  
13:27:13 INFO  : plnx-install-location is set to ''
13:27:13 INFO  : Successfully done setting workspace for the tool. 
13:27:16 INFO  : Platform repository initialization has completed.
13:27:16 INFO  : Registering command handlers for Vitis TCF services
13:27:20 INFO  : Successfully done query RDI_DATADIR 
13:32:55 INFO  : Checking for BSP changes to sync application flags for project 'AXI_I2C_p'...
13:54:13 INFO  : Connected to target on host '127.0.0.1' and port '3121'.
13:54:14 INFO  : Jtag cable 'Digilent Basys3 210183BB7A20A' is selected.
13:54:14 INFO  : 'jtag frequency' command is executed.
13:54:14 INFO  : 'targets -set -filter {jtag_cable_name =~ "Digilent Basys3 210183BB7A20A" && level==0 && jtag_device_ctx=="jsn-Basys3-210183BB7A20A-0362d093-0"}' command is executed.
13:54:14 INFO  : Device configured successfully with "D:/vivado_first/2026_Project_AXI_I2C/vitis_workspace/AXI_I2C_p/_ide/bitstream/design_1_wrapper.bit"
13:54:14 INFO  : Context for processor 'microblaze_0' is selected.
13:54:14 INFO  : Hardware design and registers information is loaded from 'D:/vivado_first/2026_Project_AXI_I2C/vitis_workspace/design_1_wrapper/export/design_1_wrapper/hw/design_1_wrapper.xsa'.
13:54:14 INFO  : 'configparams mdm-detect-bscan-mask 2' command is executed.
13:54:14 INFO  : Context for processor 'microblaze_0' is selected.
13:54:14 INFO  : System reset is completed.
13:54:17 INFO  : 'after 3000' command is executed.
13:54:17 INFO  : Context for processor 'microblaze_0' is selected.
13:54:17 INFO  : The application 'D:/vivado_first/2026_Project_AXI_I2C/vitis_workspace/AXI_I2C_p/Debug/AXI_I2C_p.elf' is downloaded to processor 'microblaze_0'.
13:54:17 INFO  : ----------------XSDB Script----------------
connect -url tcp:127.0.0.1:3121
targets -set -filter {jtag_cable_name =~ "Digilent Basys3 210183BB7A20A" && level==0 && jtag_device_ctx=="jsn-Basys3-210183BB7A20A-0362d093-0"}
fpga -file D:/vivado_first/2026_Project_AXI_I2C/vitis_workspace/AXI_I2C_p/_ide/bitstream/design_1_wrapper.bit
targets -set -nocase -filter {name =~ "*microblaze*#0" && bscan=="USER2" }
loadhw -hw D:/vivado_first/2026_Project_AXI_I2C/vitis_workspace/design_1_wrapper/export/design_1_wrapper/hw/design_1_wrapper.xsa -regs
configparams mdm-detect-bscan-mask 2
targets -set -nocase -filter {name =~ "*microblaze*#0" && bscan=="USER2" }
rst -system
after 3000
targets -set -nocase -filter {name =~ "*microblaze*#0" && bscan=="USER2" }
dow D:/vivado_first/2026_Project_AXI_I2C/vitis_workspace/AXI_I2C_p/Debug/AXI_I2C_p.elf
----------------End of Script----------------

13:54:18 INFO  : Context for processor 'microblaze_0' is selected.
13:54:18 INFO  : 'con' command is executed.
13:54:18 INFO  : ----------------XSDB Script (After Launch)----------------
targets -set -nocase -filter {name =~ "*microblaze*#0" && bscan=="USER2" }
con
----------------End of Script----------------

13:54:18 INFO  : Launch script is exported to file 'D:\vivado_first\2026_Project_AXI_I2C\vitis_workspace\AXI_I2C_p_system\_ide\scripts\debugger_axi_i2c_p-default.tcl'
13:54:42 INFO  : Disconnected from the channel tcfchan#1.
13:54:43 INFO  : Connected to target on host '127.0.0.1' and port '3121'.
13:54:43 INFO  : Jtag cable 'Digilent Basys3 210183BB7A20A' is selected.
13:54:43 INFO  : 'jtag frequency' command is executed.
13:54:43 INFO  : 'targets -set -filter {jtag_cable_name =~ "Digilent Basys3 210183BB7A20A" && level==0 && jtag_device_ctx=="jsn-Basys3-210183BB7A20A-0362d093-0"}' command is executed.
13:54:43 INFO  : Device configured successfully with "D:/vivado_first/2026_Project_AXI_I2C/vitis_workspace/AXI_I2C_p/_ide/bitstream/design_1_wrapper.bit"
13:54:43 INFO  : Context for processor 'microblaze_0' is selected.
13:54:44 INFO  : Hardware design and registers information is loaded from 'D:/vivado_first/2026_Project_AXI_I2C/vitis_workspace/design_1_wrapper/export/design_1_wrapper/hw/design_1_wrapper.xsa'.
13:54:44 INFO  : 'configparams mdm-detect-bscan-mask 2' command is executed.
13:54:44 INFO  : Context for processor 'microblaze_0' is selected.
13:54:44 INFO  : System reset is completed.
13:54:47 INFO  : 'after 3000' command is executed.
13:54:47 INFO  : Context for processor 'microblaze_0' is selected.
13:54:47 INFO  : The application 'D:/vivado_first/2026_Project_AXI_I2C/vitis_workspace/AXI_I2C_p/Debug/AXI_I2C_p.elf' is downloaded to processor 'microblaze_0'.
13:54:47 INFO  : ----------------XSDB Script----------------
connect -url tcp:127.0.0.1:3121
targets -set -filter {jtag_cable_name =~ "Digilent Basys3 210183BB7A20A" && level==0 && jtag_device_ctx=="jsn-Basys3-210183BB7A20A-0362d093-0"}
fpga -file D:/vivado_first/2026_Project_AXI_I2C/vitis_workspace/AXI_I2C_p/_ide/bitstream/design_1_wrapper.bit
targets -set -nocase -filter {name =~ "*microblaze*#0" && bscan=="USER2" }
loadhw -hw D:/vivado_first/2026_Project_AXI_I2C/vitis_workspace/design_1_wrapper/export/design_1_wrapper/hw/design_1_wrapper.xsa -regs
configparams mdm-detect-bscan-mask 2
targets -set -nocase -filter {name =~ "*microblaze*#0" && bscan=="USER2" }
rst -system
after 3000
targets -set -nocase -filter {name =~ "*microblaze*#0" && bscan=="USER2" }
dow D:/vivado_first/2026_Project_AXI_I2C/vitis_workspace/AXI_I2C_p/Debug/AXI_I2C_p.elf
----------------End of Script----------------

13:54:47 INFO  : Context for processor 'microblaze_0' is selected.
13:54:47 INFO  : 'con' command is executed.
13:54:47 INFO  : ----------------XSDB Script (After Launch)----------------
targets -set -nocase -filter {name =~ "*microblaze*#0" && bscan=="USER2" }
con
----------------End of Script----------------

13:54:47 INFO  : Launch script is exported to file 'D:\vivado_first\2026_Project_AXI_I2C\vitis_workspace\AXI_I2C_p_system\_ide\scripts\debugger_axi_i2c_p-default.tcl'
13:57:14 INFO  : Checking for BSP changes to sync application flags for project 'AXI_I2C_p'...
13:57:26 INFO  : Disconnected from the channel tcfchan#2.
13:57:27 INFO  : Connected to target on host '127.0.0.1' and port '3121'.
13:57:28 INFO  : Jtag cable 'Digilent Basys3 210183BB7A20A' is selected.
13:57:28 INFO  : 'jtag frequency' command is executed.
13:57:28 INFO  : 'targets -set -filter {jtag_cable_name =~ "Digilent Basys3 210183BB7A20A" && level==0 && jtag_device_ctx=="jsn-Basys3-210183BB7A20A-0362d093-0"}' command is executed.
13:57:28 INFO  : Device configured successfully with "D:/vivado_first/2026_Project_AXI_I2C/vitis_workspace/AXI_I2C_p/_ide/bitstream/design_1_wrapper.bit"
13:57:28 INFO  : Context for processor 'microblaze_0' is selected.
13:57:28 INFO  : Hardware design and registers information is loaded from 'D:/vivado_first/2026_Project_AXI_I2C/vitis_workspace/design_1_wrapper/export/design_1_wrapper/hw/design_1_wrapper.xsa'.
13:57:28 INFO  : 'configparams mdm-detect-bscan-mask 2' command is executed.
13:57:28 INFO  : Context for processor 'microblaze_0' is selected.
13:57:28 INFO  : System reset is completed.
13:57:31 INFO  : 'after 3000' command is executed.
13:57:31 INFO  : Context for processor 'microblaze_0' is selected.
13:57:31 INFO  : The application 'D:/vivado_first/2026_Project_AXI_I2C/vitis_workspace/AXI_I2C_p/Debug/AXI_I2C_p.elf' is downloaded to processor 'microblaze_0'.
13:57:31 INFO  : ----------------XSDB Script----------------
connect -url tcp:127.0.0.1:3121
targets -set -filter {jtag_cable_name =~ "Digilent Basys3 210183BB7A20A" && level==0 && jtag_device_ctx=="jsn-Basys3-210183BB7A20A-0362d093-0"}
fpga -file D:/vivado_first/2026_Project_AXI_I2C/vitis_workspace/AXI_I2C_p/_ide/bitstream/design_1_wrapper.bit
targets -set -nocase -filter {name =~ "*microblaze*#0" && bscan=="USER2" }
loadhw -hw D:/vivado_first/2026_Project_AXI_I2C/vitis_workspace/design_1_wrapper/export/design_1_wrapper/hw/design_1_wrapper.xsa -regs
configparams mdm-detect-bscan-mask 2
targets -set -nocase -filter {name =~ "*microblaze*#0" && bscan=="USER2" }
rst -system
after 3000
targets -set -nocase -filter {name =~ "*microblaze*#0" && bscan=="USER2" }
dow D:/vivado_first/2026_Project_AXI_I2C/vitis_workspace/AXI_I2C_p/Debug/AXI_I2C_p.elf
----------------End of Script----------------

13:57:31 INFO  : Context for processor 'microblaze_0' is selected.
13:57:31 INFO  : 'con' command is executed.
13:57:31 INFO  : ----------------XSDB Script (After Launch)----------------
targets -set -nocase -filter {name =~ "*microblaze*#0" && bscan=="USER2" }
con
----------------End of Script----------------

13:57:31 INFO  : Launch script is exported to file 'D:\vivado_first\2026_Project_AXI_I2C\vitis_workspace\AXI_I2C_p_system\_ide\scripts\debugger_axi_i2c_p-default.tcl'
15:24:17 INFO  : Disconnected from the channel tcfchan#3.
15:24:18 INFO  : Connected to target on host '127.0.0.1' and port '3121'.
15:24:18 INFO  : Jtag cable 'Digilent Basys3 210183BB7A20A' is selected.
15:24:18 INFO  : 'jtag frequency' command is executed.
15:24:18 INFO  : 'targets -set -filter {jtag_cable_name =~ "Digilent Basys3 210183BB7A20A" && level==0 && jtag_device_ctx=="jsn-Basys3-210183BB7A20A-0362d093-0"}' command is executed.
15:24:19 INFO  : Device configured successfully with "D:/vivado_first/2026_Project_AXI_I2C/vitis_workspace/AXI_I2C_p/_ide/bitstream/design_1_wrapper.bit"
15:24:19 INFO  : Context for processor 'microblaze_0' is selected.
15:24:19 INFO  : Hardware design and registers information is loaded from 'D:/vivado_first/2026_Project_AXI_I2C/vitis_workspace/design_1_wrapper/export/design_1_wrapper/hw/design_1_wrapper.xsa'.
15:24:19 INFO  : 'configparams mdm-detect-bscan-mask 2' command is executed.
15:24:19 INFO  : Context for processor 'microblaze_0' is selected.
15:24:19 INFO  : System reset is completed.
15:24:22 INFO  : 'after 3000' command is executed.
15:24:22 INFO  : Context for processor 'microblaze_0' is selected.
15:24:22 INFO  : The application 'D:/vivado_first/2026_Project_AXI_I2C/vitis_workspace/AXI_I2C_p/Debug/AXI_I2C_p.elf' is downloaded to processor 'microblaze_0'.
15:24:22 INFO  : ----------------XSDB Script----------------
connect -url tcp:127.0.0.1:3121
targets -set -filter {jtag_cable_name =~ "Digilent Basys3 210183BB7A20A" && level==0 && jtag_device_ctx=="jsn-Basys3-210183BB7A20A-0362d093-0"}
fpga -file D:/vivado_first/2026_Project_AXI_I2C/vitis_workspace/AXI_I2C_p/_ide/bitstream/design_1_wrapper.bit
targets -set -nocase -filter {name =~ "*microblaze*#0" && bscan=="USER2" }
loadhw -hw D:/vivado_first/2026_Project_AXI_I2C/vitis_workspace/design_1_wrapper/export/design_1_wrapper/hw/design_1_wrapper.xsa -regs
configparams mdm-detect-bscan-mask 2
targets -set -nocase -filter {name =~ "*microblaze*#0" && bscan=="USER2" }
rst -system
after 3000
targets -set -nocase -filter {name =~ "*microblaze*#0" && bscan=="USER2" }
dow D:/vivado_first/2026_Project_AXI_I2C/vitis_workspace/AXI_I2C_p/Debug/AXI_I2C_p.elf
----------------End of Script----------------

15:24:22 INFO  : Context for processor 'microblaze_0' is selected.
15:24:22 INFO  : 'con' command is executed.
15:24:22 INFO  : ----------------XSDB Script (After Launch)----------------
targets -set -nocase -filter {name =~ "*microblaze*#0" && bscan=="USER2" }
con
----------------End of Script----------------

15:24:22 INFO  : Launch script is exported to file 'D:\vivado_first\2026_Project_AXI_I2C\vitis_workspace\AXI_I2C_p_system\_ide\scripts\debugger_axi_i2c_p-default.tcl'
15:27:21 INFO  : Checking for BSP changes to sync application flags for project 'AXI_I2C_p'...
15:29:35 INFO  : Checking for BSP changes to sync application flags for project 'AXI_I2C_p'...
15:29:40 INFO  : Disconnected from the channel tcfchan#4.
15:29:41 INFO  : Connected to target on host '127.0.0.1' and port '3121'.
15:29:41 INFO  : Jtag cable 'Digilent Basys3 210183BB7A20A' is selected.
15:29:41 INFO  : 'jtag frequency' command is executed.
15:29:41 INFO  : 'targets -set -filter {jtag_cable_name =~ "Digilent Basys3 210183BB7A20A" && level==0 && jtag_device_ctx=="jsn-Basys3-210183BB7A20A-0362d093-0"}' command is executed.
15:29:41 INFO  : Device configured successfully with "D:/vivado_first/2026_Project_AXI_I2C/vitis_workspace/AXI_I2C_p/_ide/bitstream/design_1_wrapper.bit"
15:29:41 INFO  : Context for processor 'microblaze_0' is selected.
15:29:41 INFO  : Hardware design and registers information is loaded from 'D:/vivado_first/2026_Project_AXI_I2C/vitis_workspace/design_1_wrapper/export/design_1_wrapper/hw/design_1_wrapper.xsa'.
15:29:41 INFO  : 'configparams mdm-detect-bscan-mask 2' command is executed.
15:29:41 INFO  : Context for processor 'microblaze_0' is selected.
15:29:41 INFO  : System reset is completed.
15:29:45 INFO  : 'after 3000' command is executed.
15:29:45 INFO  : Context for processor 'microblaze_0' is selected.
15:29:45 INFO  : The application 'D:/vivado_first/2026_Project_AXI_I2C/vitis_workspace/AXI_I2C_p/Debug/AXI_I2C_p.elf' is downloaded to processor 'microblaze_0'.
15:29:45 INFO  : ----------------XSDB Script----------------
connect -url tcp:127.0.0.1:3121
targets -set -filter {jtag_cable_name =~ "Digilent Basys3 210183BB7A20A" && level==0 && jtag_device_ctx=="jsn-Basys3-210183BB7A20A-0362d093-0"}
fpga -file D:/vivado_first/2026_Project_AXI_I2C/vitis_workspace/AXI_I2C_p/_ide/bitstream/design_1_wrapper.bit
targets -set -nocase -filter {name =~ "*microblaze*#0" && bscan=="USER2" }
loadhw -hw D:/vivado_first/2026_Project_AXI_I2C/vitis_workspace/design_1_wrapper/export/design_1_wrapper/hw/design_1_wrapper.xsa -regs
configparams mdm-detect-bscan-mask 2
targets -set -nocase -filter {name =~ "*microblaze*#0" && bscan=="USER2" }
rst -system
after 3000
targets -set -nocase -filter {name =~ "*microblaze*#0" && bscan=="USER2" }
dow D:/vivado_first/2026_Project_AXI_I2C/vitis_workspace/AXI_I2C_p/Debug/AXI_I2C_p.elf
----------------End of Script----------------

15:29:45 INFO  : Context for processor 'microblaze_0' is selected.
15:29:45 INFO  : 'con' command is executed.
15:29:45 INFO  : ----------------XSDB Script (After Launch)----------------
targets -set -nocase -filter {name =~ "*microblaze*#0" && bscan=="USER2" }
con
----------------End of Script----------------

15:29:45 INFO  : Launch script is exported to file 'D:\vivado_first\2026_Project_AXI_I2C\vitis_workspace\AXI_I2C_p_system\_ide\scripts\debugger_axi_i2c_p-default.tcl'
15:31:14 INFO  : Checking for BSP changes to sync application flags for project 'AXI_I2C_p'...
15:31:19 INFO  : Disconnected from the channel tcfchan#5.
15:31:20 INFO  : Connected to target on host '127.0.0.1' and port '3121'.
15:31:20 INFO  : Jtag cable 'Digilent Basys3 210183BB7A20A' is selected.
15:31:20 INFO  : 'jtag frequency' command is executed.
15:31:20 INFO  : 'targets -set -filter {jtag_cable_name =~ "Digilent Basys3 210183BB7A20A" && level==0 && jtag_device_ctx=="jsn-Basys3-210183BB7A20A-0362d093-0"}' command is executed.
15:31:21 INFO  : Device configured successfully with "D:/vivado_first/2026_Project_AXI_I2C/vitis_workspace/AXI_I2C_p/_ide/bitstream/design_1_wrapper.bit"
15:31:21 INFO  : Context for processor 'microblaze_0' is selected.
15:31:21 INFO  : Hardware design and registers information is loaded from 'D:/vivado_first/2026_Project_AXI_I2C/vitis_workspace/design_1_wrapper/export/design_1_wrapper/hw/design_1_wrapper.xsa'.
15:31:21 INFO  : 'configparams mdm-detect-bscan-mask 2' command is executed.
15:31:21 INFO  : Context for processor 'microblaze_0' is selected.
15:31:21 INFO  : System reset is completed.
15:31:24 INFO  : 'after 3000' command is executed.
15:31:24 INFO  : Context for processor 'microblaze_0' is selected.
15:31:24 INFO  : The application 'D:/vivado_first/2026_Project_AXI_I2C/vitis_workspace/AXI_I2C_p/Debug/AXI_I2C_p.elf' is downloaded to processor 'microblaze_0'.
15:31:24 INFO  : ----------------XSDB Script----------------
connect -url tcp:127.0.0.1:3121
targets -set -filter {jtag_cable_name =~ "Digilent Basys3 210183BB7A20A" && level==0 && jtag_device_ctx=="jsn-Basys3-210183BB7A20A-0362d093-0"}
fpga -file D:/vivado_first/2026_Project_AXI_I2C/vitis_workspace/AXI_I2C_p/_ide/bitstream/design_1_wrapper.bit
targets -set -nocase -filter {name =~ "*microblaze*#0" && bscan=="USER2" }
loadhw -hw D:/vivado_first/2026_Project_AXI_I2C/vitis_workspace/design_1_wrapper/export/design_1_wrapper/hw/design_1_wrapper.xsa -regs
configparams mdm-detect-bscan-mask 2
targets -set -nocase -filter {name =~ "*microblaze*#0" && bscan=="USER2" }
rst -system
after 3000
targets -set -nocase -filter {name =~ "*microblaze*#0" && bscan=="USER2" }
dow D:/vivado_first/2026_Project_AXI_I2C/vitis_workspace/AXI_I2C_p/Debug/AXI_I2C_p.elf
----------------End of Script----------------

15:31:24 INFO  : Context for processor 'microblaze_0' is selected.
15:31:24 INFO  : 'con' command is executed.
15:31:24 INFO  : ----------------XSDB Script (After Launch)----------------
targets -set -nocase -filter {name =~ "*microblaze*#0" && bscan=="USER2" }
con
----------------End of Script----------------

15:31:24 INFO  : Launch script is exported to file 'D:\vivado_first\2026_Project_AXI_I2C\vitis_workspace\AXI_I2C_p_system\_ide\scripts\debugger_axi_i2c_p-default.tcl'
15:32:44 INFO  : Checking for BSP changes to sync application flags for project 'AXI_I2C_p'...
15:32:49 INFO  : Disconnected from the channel tcfchan#6.
15:32:50 INFO  : Connected to target on host '127.0.0.1' and port '3121'.
15:32:50 INFO  : Jtag cable 'Digilent Basys3 210183BB7A20A' is selected.
15:32:50 INFO  : 'jtag frequency' command is executed.
15:32:50 INFO  : 'targets -set -filter {jtag_cable_name =~ "Digilent Basys3 210183BB7A20A" && level==0 && jtag_device_ctx=="jsn-Basys3-210183BB7A20A-0362d093-0"}' command is executed.
15:32:51 INFO  : Device configured successfully with "D:/vivado_first/2026_Project_AXI_I2C/vitis_workspace/AXI_I2C_p/_ide/bitstream/design_1_wrapper.bit"
15:32:51 INFO  : Context for processor 'microblaze_0' is selected.
15:32:51 INFO  : Hardware design and registers information is loaded from 'D:/vivado_first/2026_Project_AXI_I2C/vitis_workspace/design_1_wrapper/export/design_1_wrapper/hw/design_1_wrapper.xsa'.
15:32:51 INFO  : 'configparams mdm-detect-bscan-mask 2' command is executed.
15:32:51 INFO  : Context for processor 'microblaze_0' is selected.
15:32:51 INFO  : System reset is completed.
15:32:54 INFO  : 'after 3000' command is executed.
15:32:54 INFO  : Context for processor 'microblaze_0' is selected.
15:32:54 INFO  : The application 'D:/vivado_first/2026_Project_AXI_I2C/vitis_workspace/AXI_I2C_p/Debug/AXI_I2C_p.elf' is downloaded to processor 'microblaze_0'.
15:32:54 INFO  : ----------------XSDB Script----------------
connect -url tcp:127.0.0.1:3121
targets -set -filter {jtag_cable_name =~ "Digilent Basys3 210183BB7A20A" && level==0 && jtag_device_ctx=="jsn-Basys3-210183BB7A20A-0362d093-0"}
fpga -file D:/vivado_first/2026_Project_AXI_I2C/vitis_workspace/AXI_I2C_p/_ide/bitstream/design_1_wrapper.bit
targets -set -nocase -filter {name =~ "*microblaze*#0" && bscan=="USER2" }
loadhw -hw D:/vivado_first/2026_Project_AXI_I2C/vitis_workspace/design_1_wrapper/export/design_1_wrapper/hw/design_1_wrapper.xsa -regs
configparams mdm-detect-bscan-mask 2
targets -set -nocase -filter {name =~ "*microblaze*#0" && bscan=="USER2" }
rst -system
after 3000
targets -set -nocase -filter {name =~ "*microblaze*#0" && bscan=="USER2" }
dow D:/vivado_first/2026_Project_AXI_I2C/vitis_workspace/AXI_I2C_p/Debug/AXI_I2C_p.elf
----------------End of Script----------------

15:32:54 INFO  : Context for processor 'microblaze_0' is selected.
15:32:54 INFO  : 'con' command is executed.
15:32:54 INFO  : ----------------XSDB Script (After Launch)----------------
targets -set -nocase -filter {name =~ "*microblaze*#0" && bscan=="USER2" }
con
----------------End of Script----------------

15:32:54 INFO  : Launch script is exported to file 'D:\vivado_first\2026_Project_AXI_I2C\vitis_workspace\AXI_I2C_p_system\_ide\scripts\debugger_axi_i2c_p-default.tcl'
15:38:47 INFO  : Checking for BSP changes to sync application flags for project 'AXI_I2C_p'...
15:38:58 INFO  : Disconnected from the channel tcfchan#7.
15:38:59 INFO  : Connected to target on host '127.0.0.1' and port '3121'.
15:38:59 INFO  : Jtag cable 'Digilent Basys3 210183BB7A20A' is selected.
15:38:59 INFO  : 'jtag frequency' command is executed.
15:38:59 INFO  : 'targets -set -filter {jtag_cable_name =~ "Digilent Basys3 210183BB7A20A" && level==0 && jtag_device_ctx=="jsn-Basys3-210183BB7A20A-0362d093-0"}' command is executed.
15:39:00 INFO  : Device configured successfully with "D:/vivado_first/2026_Project_AXI_I2C/vitis_workspace/AXI_I2C_p/_ide/bitstream/design_1_wrapper.bit"
15:39:00 INFO  : Context for processor 'microblaze_0' is selected.
15:39:00 INFO  : Hardware design and registers information is loaded from 'D:/vivado_first/2026_Project_AXI_I2C/vitis_workspace/design_1_wrapper/export/design_1_wrapper/hw/design_1_wrapper.xsa'.
15:39:00 INFO  : 'configparams mdm-detect-bscan-mask 2' command is executed.
15:39:00 INFO  : Context for processor 'microblaze_0' is selected.
15:39:00 INFO  : System reset is completed.
15:39:03 INFO  : 'after 3000' command is executed.
15:39:03 INFO  : Context for processor 'microblaze_0' is selected.
15:39:03 INFO  : The application 'D:/vivado_first/2026_Project_AXI_I2C/vitis_workspace/AXI_I2C_p/Debug/AXI_I2C_p.elf' is downloaded to processor 'microblaze_0'.
15:39:03 INFO  : ----------------XSDB Script----------------
connect -url tcp:127.0.0.1:3121
targets -set -filter {jtag_cable_name =~ "Digilent Basys3 210183BB7A20A" && level==0 && jtag_device_ctx=="jsn-Basys3-210183BB7A20A-0362d093-0"}
fpga -file D:/vivado_first/2026_Project_AXI_I2C/vitis_workspace/AXI_I2C_p/_ide/bitstream/design_1_wrapper.bit
targets -set -nocase -filter {name =~ "*microblaze*#0" && bscan=="USER2" }
loadhw -hw D:/vivado_first/2026_Project_AXI_I2C/vitis_workspace/design_1_wrapper/export/design_1_wrapper/hw/design_1_wrapper.xsa -regs
configparams mdm-detect-bscan-mask 2
targets -set -nocase -filter {name =~ "*microblaze*#0" && bscan=="USER2" }
rst -system
after 3000
targets -set -nocase -filter {name =~ "*microblaze*#0" && bscan=="USER2" }
dow D:/vivado_first/2026_Project_AXI_I2C/vitis_workspace/AXI_I2C_p/Debug/AXI_I2C_p.elf
----------------End of Script----------------

15:39:03 INFO  : Context for processor 'microblaze_0' is selected.
15:39:03 INFO  : 'con' command is executed.
15:39:03 INFO  : ----------------XSDB Script (After Launch)----------------
targets -set -nocase -filter {name =~ "*microblaze*#0" && bscan=="USER2" }
con
----------------End of Script----------------

15:39:03 INFO  : Launch script is exported to file 'D:\vivado_first\2026_Project_AXI_I2C\vitis_workspace\AXI_I2C_p_system\_ide\scripts\debugger_axi_i2c_p-default.tcl'
15:43:50 INFO  : Checking for BSP changes to sync application flags for project 'AXI_I2C_p'...
15:43:57 INFO  : Disconnected from the channel tcfchan#8.
15:43:58 INFO  : Connected to target on host '127.0.0.1' and port '3121'.
15:43:58 INFO  : Jtag cable 'Digilent Basys3 210183BB7A20A' is selected.
15:43:58 INFO  : 'jtag frequency' command is executed.
15:43:59 INFO  : 'targets -set -filter {jtag_cable_name =~ "Digilent Basys3 210183BB7A20A" && level==0 && jtag_device_ctx=="jsn-Basys3-210183BB7A20A-0362d093-0"}' command is executed.
15:43:59 INFO  : Device configured successfully with "D:/vivado_first/2026_Project_AXI_I2C/vitis_workspace/AXI_I2C_p/_ide/bitstream/design_1_wrapper.bit"
15:43:59 INFO  : Context for processor 'microblaze_0' is selected.
15:43:59 INFO  : Hardware design and registers information is loaded from 'D:/vivado_first/2026_Project_AXI_I2C/vitis_workspace/design_1_wrapper/export/design_1_wrapper/hw/design_1_wrapper.xsa'.
15:43:59 INFO  : 'configparams mdm-detect-bscan-mask 2' command is executed.
15:43:59 INFO  : Context for processor 'microblaze_0' is selected.
15:43:59 INFO  : System reset is completed.
15:44:02 INFO  : 'after 3000' command is executed.
15:44:02 INFO  : Context for processor 'microblaze_0' is selected.
15:44:02 INFO  : The application 'D:/vivado_first/2026_Project_AXI_I2C/vitis_workspace/AXI_I2C_p/Debug/AXI_I2C_p.elf' is downloaded to processor 'microblaze_0'.
15:44:02 INFO  : ----------------XSDB Script----------------
connect -url tcp:127.0.0.1:3121
targets -set -filter {jtag_cable_name =~ "Digilent Basys3 210183BB7A20A" && level==0 && jtag_device_ctx=="jsn-Basys3-210183BB7A20A-0362d093-0"}
fpga -file D:/vivado_first/2026_Project_AXI_I2C/vitis_workspace/AXI_I2C_p/_ide/bitstream/design_1_wrapper.bit
targets -set -nocase -filter {name =~ "*microblaze*#0" && bscan=="USER2" }
loadhw -hw D:/vivado_first/2026_Project_AXI_I2C/vitis_workspace/design_1_wrapper/export/design_1_wrapper/hw/design_1_wrapper.xsa -regs
configparams mdm-detect-bscan-mask 2
targets -set -nocase -filter {name =~ "*microblaze*#0" && bscan=="USER2" }
rst -system
after 3000
targets -set -nocase -filter {name =~ "*microblaze*#0" && bscan=="USER2" }
dow D:/vivado_first/2026_Project_AXI_I2C/vitis_workspace/AXI_I2C_p/Debug/AXI_I2C_p.elf
----------------End of Script----------------

15:44:02 INFO  : Context for processor 'microblaze_0' is selected.
15:44:02 INFO  : 'con' command is executed.
15:44:02 INFO  : ----------------XSDB Script (After Launch)----------------
targets -set -nocase -filter {name =~ "*microblaze*#0" && bscan=="USER2" }
con
----------------End of Script----------------

15:44:02 INFO  : Launch script is exported to file 'D:\vivado_first\2026_Project_AXI_I2C\vitis_workspace\AXI_I2C_p_system\_ide\scripts\debugger_axi_i2c_p-default.tcl'
15:47:36 INFO  : Checking for BSP changes to sync application flags for project 'AXI_I2C_p'...
15:47:41 INFO  : Disconnected from the channel tcfchan#9.
15:47:42 INFO  : Connected to target on host '127.0.0.1' and port '3121'.
15:47:42 INFO  : Jtag cable 'Digilent Basys3 210183BB7A20A' is selected.
15:47:42 INFO  : 'jtag frequency' command is executed.
15:47:42 INFO  : 'targets -set -filter {jtag_cable_name =~ "Digilent Basys3 210183BB7A20A" && level==0 && jtag_device_ctx=="jsn-Basys3-210183BB7A20A-0362d093-0"}' command is executed.
15:47:43 INFO  : Device configured successfully with "D:/vivado_first/2026_Project_AXI_I2C/vitis_workspace/AXI_I2C_p/_ide/bitstream/design_1_wrapper.bit"
15:47:43 INFO  : Context for processor 'microblaze_0' is selected.
15:47:43 INFO  : Hardware design and registers information is loaded from 'D:/vivado_first/2026_Project_AXI_I2C/vitis_workspace/design_1_wrapper/export/design_1_wrapper/hw/design_1_wrapper.xsa'.
15:47:43 INFO  : 'configparams mdm-detect-bscan-mask 2' command is executed.
15:47:43 INFO  : Context for processor 'microblaze_0' is selected.
15:47:43 INFO  : System reset is completed.
15:47:46 INFO  : 'after 3000' command is executed.
15:47:46 INFO  : Context for processor 'microblaze_0' is selected.
15:47:46 INFO  : The application 'D:/vivado_first/2026_Project_AXI_I2C/vitis_workspace/AXI_I2C_p/Debug/AXI_I2C_p.elf' is downloaded to processor 'microblaze_0'.
15:47:46 INFO  : ----------------XSDB Script----------------
connect -url tcp:127.0.0.1:3121
targets -set -filter {jtag_cable_name =~ "Digilent Basys3 210183BB7A20A" && level==0 && jtag_device_ctx=="jsn-Basys3-210183BB7A20A-0362d093-0"}
fpga -file D:/vivado_first/2026_Project_AXI_I2C/vitis_workspace/AXI_I2C_p/_ide/bitstream/design_1_wrapper.bit
targets -set -nocase -filter {name =~ "*microblaze*#0" && bscan=="USER2" }
loadhw -hw D:/vivado_first/2026_Project_AXI_I2C/vitis_workspace/design_1_wrapper/export/design_1_wrapper/hw/design_1_wrapper.xsa -regs
configparams mdm-detect-bscan-mask 2
targets -set -nocase -filter {name =~ "*microblaze*#0" && bscan=="USER2" }
rst -system
after 3000
targets -set -nocase -filter {name =~ "*microblaze*#0" && bscan=="USER2" }
dow D:/vivado_first/2026_Project_AXI_I2C/vitis_workspace/AXI_I2C_p/Debug/AXI_I2C_p.elf
----------------End of Script----------------

15:47:46 INFO  : Context for processor 'microblaze_0' is selected.
15:47:46 INFO  : 'con' command is executed.
15:47:46 INFO  : ----------------XSDB Script (After Launch)----------------
targets -set -nocase -filter {name =~ "*microblaze*#0" && bscan=="USER2" }
con
----------------End of Script----------------

15:47:46 INFO  : Launch script is exported to file 'D:\vivado_first\2026_Project_AXI_I2C\vitis_workspace\AXI_I2C_p_system\_ide\scripts\debugger_axi_i2c_p-default.tcl'
15:48:43 INFO  : Checking for BSP changes to sync application flags for project 'AXI_I2C_p'...
15:48:54 INFO  : Disconnected from the channel tcfchan#10.
15:48:55 INFO  : Connected to target on host '127.0.0.1' and port '3121'.
15:48:55 INFO  : Jtag cable 'Digilent Basys3 210183BB7A20A' is selected.
15:48:55 INFO  : 'jtag frequency' command is executed.
15:48:55 INFO  : 'targets -set -filter {jtag_cable_name =~ "Digilent Basys3 210183BB7A20A" && level==0 && jtag_device_ctx=="jsn-Basys3-210183BB7A20A-0362d093-0"}' command is executed.
15:48:56 INFO  : Device configured successfully with "D:/vivado_first/2026_Project_AXI_I2C/vitis_workspace/AXI_I2C_p/_ide/bitstream/design_1_wrapper.bit"
15:48:56 INFO  : Context for processor 'microblaze_0' is selected.
15:48:56 INFO  : Hardware design and registers information is loaded from 'D:/vivado_first/2026_Project_AXI_I2C/vitis_workspace/design_1_wrapper/export/design_1_wrapper/hw/design_1_wrapper.xsa'.
15:48:56 INFO  : 'configparams mdm-detect-bscan-mask 2' command is executed.
15:48:56 INFO  : Context for processor 'microblaze_0' is selected.
15:48:56 INFO  : System reset is completed.
15:48:59 INFO  : 'after 3000' command is executed.
15:48:59 INFO  : Context for processor 'microblaze_0' is selected.
15:48:59 INFO  : The application 'D:/vivado_first/2026_Project_AXI_I2C/vitis_workspace/AXI_I2C_p/Debug/AXI_I2C_p.elf' is downloaded to processor 'microblaze_0'.
15:48:59 INFO  : ----------------XSDB Script----------------
connect -url tcp:127.0.0.1:3121
targets -set -filter {jtag_cable_name =~ "Digilent Basys3 210183BB7A20A" && level==0 && jtag_device_ctx=="jsn-Basys3-210183BB7A20A-0362d093-0"}
fpga -file D:/vivado_first/2026_Project_AXI_I2C/vitis_workspace/AXI_I2C_p/_ide/bitstream/design_1_wrapper.bit
targets -set -nocase -filter {name =~ "*microblaze*#0" && bscan=="USER2" }
loadhw -hw D:/vivado_first/2026_Project_AXI_I2C/vitis_workspace/design_1_wrapper/export/design_1_wrapper/hw/design_1_wrapper.xsa -regs
configparams mdm-detect-bscan-mask 2
targets -set -nocase -filter {name =~ "*microblaze*#0" && bscan=="USER2" }
rst -system
after 3000
targets -set -nocase -filter {name =~ "*microblaze*#0" && bscan=="USER2" }
dow D:/vivado_first/2026_Project_AXI_I2C/vitis_workspace/AXI_I2C_p/Debug/AXI_I2C_p.elf
----------------End of Script----------------

15:48:59 INFO  : Context for processor 'microblaze_0' is selected.
15:48:59 INFO  : 'con' command is executed.
15:48:59 INFO  : ----------------XSDB Script (After Launch)----------------
targets -set -nocase -filter {name =~ "*microblaze*#0" && bscan=="USER2" }
con
----------------End of Script----------------

15:48:59 INFO  : Launch script is exported to file 'D:\vivado_first\2026_Project_AXI_I2C\vitis_workspace\AXI_I2C_p_system\_ide\scripts\debugger_axi_i2c_p-default.tcl'
15:49:17 INFO  : Disconnected from the channel tcfchan#11.
15:49:18 INFO  : Connected to target on host '127.0.0.1' and port '3121'.
15:49:18 INFO  : Jtag cable 'Digilent Basys3 210183BB7A20A' is selected.
15:49:18 INFO  : 'jtag frequency' command is executed.
15:49:18 INFO  : 'targets -set -filter {jtag_cable_name =~ "Digilent Basys3 210183BB7A20A" && level==0 && jtag_device_ctx=="jsn-Basys3-210183BB7A20A-0362d093-0"}' command is executed.
15:49:18 INFO  : Device configured successfully with "D:/vivado_first/2026_Project_AXI_I2C/vitis_workspace/AXI_I2C_p/_ide/bitstream/design_1_wrapper.bit"
15:49:18 INFO  : Context for processor 'microblaze_0' is selected.
15:49:18 INFO  : Hardware design and registers information is loaded from 'D:/vivado_first/2026_Project_AXI_I2C/vitis_workspace/design_1_wrapper/export/design_1_wrapper/hw/design_1_wrapper.xsa'.
15:49:18 INFO  : 'configparams mdm-detect-bscan-mask 2' command is executed.
15:49:18 INFO  : Context for processor 'microblaze_0' is selected.
15:49:18 INFO  : System reset is completed.
15:49:21 INFO  : 'after 3000' command is executed.
15:49:21 INFO  : Context for processor 'microblaze_0' is selected.
15:49:22 INFO  : The application 'D:/vivado_first/2026_Project_AXI_I2C/vitis_workspace/AXI_I2C_p/Debug/AXI_I2C_p.elf' is downloaded to processor 'microblaze_0'.
15:49:22 INFO  : ----------------XSDB Script----------------
connect -url tcp:127.0.0.1:3121
targets -set -filter {jtag_cable_name =~ "Digilent Basys3 210183BB7A20A" && level==0 && jtag_device_ctx=="jsn-Basys3-210183BB7A20A-0362d093-0"}
fpga -file D:/vivado_first/2026_Project_AXI_I2C/vitis_workspace/AXI_I2C_p/_ide/bitstream/design_1_wrapper.bit
targets -set -nocase -filter {name =~ "*microblaze*#0" && bscan=="USER2" }
loadhw -hw D:/vivado_first/2026_Project_AXI_I2C/vitis_workspace/design_1_wrapper/export/design_1_wrapper/hw/design_1_wrapper.xsa -regs
configparams mdm-detect-bscan-mask 2
targets -set -nocase -filter {name =~ "*microblaze*#0" && bscan=="USER2" }
rst -system
after 3000
targets -set -nocase -filter {name =~ "*microblaze*#0" && bscan=="USER2" }
dow D:/vivado_first/2026_Project_AXI_I2C/vitis_workspace/AXI_I2C_p/Debug/AXI_I2C_p.elf
----------------End of Script----------------

15:49:22 INFO  : Context for processor 'microblaze_0' is selected.
15:49:22 INFO  : 'con' command is executed.
15:49:22 INFO  : ----------------XSDB Script (After Launch)----------------
targets -set -nocase -filter {name =~ "*microblaze*#0" && bscan=="USER2" }
con
----------------End of Script----------------

15:49:22 INFO  : Launch script is exported to file 'D:\vivado_first\2026_Project_AXI_I2C\vitis_workspace\AXI_I2C_p_system\_ide\scripts\debugger_axi_i2c_p-default.tcl'
15:51:26 INFO  : Checking for BSP changes to sync application flags for project 'AXI_I2C_p'...
15:51:31 INFO  : Disconnected from the channel tcfchan#12.
15:51:32 INFO  : Connected to target on host '127.0.0.1' and port '3121'.
15:51:32 INFO  : Jtag cable 'Digilent Basys3 210183BB7A20A' is selected.
15:51:32 INFO  : 'jtag frequency' command is executed.
15:51:32 INFO  : 'targets -set -filter {jtag_cable_name =~ "Digilent Basys3 210183BB7A20A" && level==0 && jtag_device_ctx=="jsn-Basys3-210183BB7A20A-0362d093-0"}' command is executed.
15:51:32 INFO  : Device configured successfully with "D:/vivado_first/2026_Project_AXI_I2C/vitis_workspace/AXI_I2C_p/_ide/bitstream/design_1_wrapper.bit"
15:51:32 INFO  : Context for processor 'microblaze_0' is selected.
15:51:33 INFO  : Hardware design and registers information is loaded from 'D:/vivado_first/2026_Project_AXI_I2C/vitis_workspace/design_1_wrapper/export/design_1_wrapper/hw/design_1_wrapper.xsa'.
15:51:33 INFO  : 'configparams mdm-detect-bscan-mask 2' command is executed.
15:51:33 INFO  : Context for processor 'microblaze_0' is selected.
15:51:33 INFO  : System reset is completed.
15:51:36 INFO  : 'after 3000' command is executed.
15:51:36 INFO  : Context for processor 'microblaze_0' is selected.
15:51:36 INFO  : The application 'D:/vivado_first/2026_Project_AXI_I2C/vitis_workspace/AXI_I2C_p/Debug/AXI_I2C_p.elf' is downloaded to processor 'microblaze_0'.
15:51:36 INFO  : ----------------XSDB Script----------------
connect -url tcp:127.0.0.1:3121
targets -set -filter {jtag_cable_name =~ "Digilent Basys3 210183BB7A20A" && level==0 && jtag_device_ctx=="jsn-Basys3-210183BB7A20A-0362d093-0"}
fpga -file D:/vivado_first/2026_Project_AXI_I2C/vitis_workspace/AXI_I2C_p/_ide/bitstream/design_1_wrapper.bit
targets -set -nocase -filter {name =~ "*microblaze*#0" && bscan=="USER2" }
loadhw -hw D:/vivado_first/2026_Project_AXI_I2C/vitis_workspace/design_1_wrapper/export/design_1_wrapper/hw/design_1_wrapper.xsa -regs
configparams mdm-detect-bscan-mask 2
targets -set -nocase -filter {name =~ "*microblaze*#0" && bscan=="USER2" }
rst -system
after 3000
targets -set -nocase -filter {name =~ "*microblaze*#0" && bscan=="USER2" }
dow D:/vivado_first/2026_Project_AXI_I2C/vitis_workspace/AXI_I2C_p/Debug/AXI_I2C_p.elf
----------------End of Script----------------

15:51:36 INFO  : Context for processor 'microblaze_0' is selected.
15:51:36 INFO  : 'con' command is executed.
15:51:36 INFO  : ----------------XSDB Script (After Launch)----------------
targets -set -nocase -filter {name =~ "*microblaze*#0" && bscan=="USER2" }
con
----------------End of Script----------------

15:51:36 INFO  : Launch script is exported to file 'D:\vivado_first\2026_Project_AXI_I2C\vitis_workspace\AXI_I2C_p_system\_ide\scripts\debugger_axi_i2c_p-default.tcl'
15:51:45 INFO  : Disconnected from the channel tcfchan#13.
15:51:46 INFO  : Connected to target on host '127.0.0.1' and port '3121'.
15:51:46 INFO  : Jtag cable 'Digilent Basys3 210183BB7A20A' is selected.
15:51:46 INFO  : 'jtag frequency' command is executed.
15:51:46 INFO  : 'targets -set -filter {jtag_cable_name =~ "Digilent Basys3 210183BB7A20A" && level==0 && jtag_device_ctx=="jsn-Basys3-210183BB7A20A-0362d093-0"}' command is executed.
15:51:47 INFO  : Device configured successfully with "D:/vivado_first/2026_Project_AXI_I2C/vitis_workspace/AXI_I2C_p/_ide/bitstream/design_1_wrapper.bit"
15:51:47 INFO  : Context for processor 'microblaze_0' is selected.
15:51:47 INFO  : Hardware design and registers information is loaded from 'D:/vivado_first/2026_Project_AXI_I2C/vitis_workspace/design_1_wrapper/export/design_1_wrapper/hw/design_1_wrapper.xsa'.
15:51:47 INFO  : 'configparams mdm-detect-bscan-mask 2' command is executed.
15:51:47 INFO  : Context for processor 'microblaze_0' is selected.
15:51:47 INFO  : System reset is completed.
15:51:50 INFO  : 'after 3000' command is executed.
15:51:50 INFO  : Context for processor 'microblaze_0' is selected.
15:51:50 INFO  : The application 'D:/vivado_first/2026_Project_AXI_I2C/vitis_workspace/AXI_I2C_p/Debug/AXI_I2C_p.elf' is downloaded to processor 'microblaze_0'.
15:51:50 INFO  : ----------------XSDB Script----------------
connect -url tcp:127.0.0.1:3121
targets -set -filter {jtag_cable_name =~ "Digilent Basys3 210183BB7A20A" && level==0 && jtag_device_ctx=="jsn-Basys3-210183BB7A20A-0362d093-0"}
fpga -file D:/vivado_first/2026_Project_AXI_I2C/vitis_workspace/AXI_I2C_p/_ide/bitstream/design_1_wrapper.bit
targets -set -nocase -filter {name =~ "*microblaze*#0" && bscan=="USER2" }
loadhw -hw D:/vivado_first/2026_Project_AXI_I2C/vitis_workspace/design_1_wrapper/export/design_1_wrapper/hw/design_1_wrapper.xsa -regs
configparams mdm-detect-bscan-mask 2
targets -set -nocase -filter {name =~ "*microblaze*#0" && bscan=="USER2" }
rst -system
after 3000
targets -set -nocase -filter {name =~ "*microblaze*#0" && bscan=="USER2" }
dow D:/vivado_first/2026_Project_AXI_I2C/vitis_workspace/AXI_I2C_p/Debug/AXI_I2C_p.elf
----------------End of Script----------------

15:51:50 INFO  : Context for processor 'microblaze_0' is selected.
15:51:50 INFO  : 'con' command is executed.
15:51:50 INFO  : ----------------XSDB Script (After Launch)----------------
targets -set -nocase -filter {name =~ "*microblaze*#0" && bscan=="USER2" }
con
----------------End of Script----------------

15:51:50 INFO  : Launch script is exported to file 'D:\vivado_first\2026_Project_AXI_I2C\vitis_workspace\AXI_I2C_p_system\_ide\scripts\debugger_axi_i2c_p-default.tcl'
15:54:29 INFO  : Checking for BSP changes to sync application flags for project 'AXI_I2C_p'...
15:54:34 INFO  : Disconnected from the channel tcfchan#14.
15:54:35 INFO  : Connected to target on host '127.0.0.1' and port '3121'.
15:54:35 INFO  : Jtag cable 'Digilent Basys3 210183BB7A20A' is selected.
15:54:35 INFO  : 'jtag frequency' command is executed.
15:54:35 INFO  : 'targets -set -filter {jtag_cable_name =~ "Digilent Basys3 210183BB7A20A" && level==0 && jtag_device_ctx=="jsn-Basys3-210183BB7A20A-0362d093-0"}' command is executed.
15:54:35 INFO  : Device configured successfully with "D:/vivado_first/2026_Project_AXI_I2C/vitis_workspace/AXI_I2C_p/_ide/bitstream/design_1_wrapper.bit"
15:54:35 INFO  : Context for processor 'microblaze_0' is selected.
15:54:35 INFO  : Hardware design and registers information is loaded from 'D:/vivado_first/2026_Project_AXI_I2C/vitis_workspace/design_1_wrapper/export/design_1_wrapper/hw/design_1_wrapper.xsa'.
15:54:35 INFO  : 'configparams mdm-detect-bscan-mask 2' command is executed.
15:54:35 INFO  : Context for processor 'microblaze_0' is selected.
15:54:35 INFO  : System reset is completed.
15:54:38 INFO  : 'after 3000' command is executed.
15:54:39 INFO  : Context for processor 'microblaze_0' is selected.
15:54:39 INFO  : The application 'D:/vivado_first/2026_Project_AXI_I2C/vitis_workspace/AXI_I2C_p/Debug/AXI_I2C_p.elf' is downloaded to processor 'microblaze_0'.
15:54:39 INFO  : ----------------XSDB Script----------------
connect -url tcp:127.0.0.1:3121
targets -set -filter {jtag_cable_name =~ "Digilent Basys3 210183BB7A20A" && level==0 && jtag_device_ctx=="jsn-Basys3-210183BB7A20A-0362d093-0"}
fpga -file D:/vivado_first/2026_Project_AXI_I2C/vitis_workspace/AXI_I2C_p/_ide/bitstream/design_1_wrapper.bit
targets -set -nocase -filter {name =~ "*microblaze*#0" && bscan=="USER2" }
loadhw -hw D:/vivado_first/2026_Project_AXI_I2C/vitis_workspace/design_1_wrapper/export/design_1_wrapper/hw/design_1_wrapper.xsa -regs
configparams mdm-detect-bscan-mask 2
targets -set -nocase -filter {name =~ "*microblaze*#0" && bscan=="USER2" }
rst -system
after 3000
targets -set -nocase -filter {name =~ "*microblaze*#0" && bscan=="USER2" }
dow D:/vivado_first/2026_Project_AXI_I2C/vitis_workspace/AXI_I2C_p/Debug/AXI_I2C_p.elf
----------------End of Script----------------

15:54:39 INFO  : Context for processor 'microblaze_0' is selected.
15:54:39 INFO  : 'con' command is executed.
15:54:39 INFO  : ----------------XSDB Script (After Launch)----------------
targets -set -nocase -filter {name =~ "*microblaze*#0" && bscan=="USER2" }
con
----------------End of Script----------------

15:54:39 INFO  : Launch script is exported to file 'D:\vivado_first\2026_Project_AXI_I2C\vitis_workspace\AXI_I2C_p_system\_ide\scripts\debugger_axi_i2c_p-default.tcl'
16:01:28 INFO  : Checking for BSP changes to sync application flags for project 'AXI_I2C_p'...
16:01:32 INFO  : Disconnected from the channel tcfchan#15.
16:01:33 INFO  : Connected to target on host '127.0.0.1' and port '3121'.
16:01:34 INFO  : Jtag cable 'Digilent Basys3 210183BB7A20A' is selected.
16:01:34 INFO  : 'jtag frequency' command is executed.
16:01:34 INFO  : 'targets -set -filter {jtag_cable_name =~ "Digilent Basys3 210183BB7A20A" && level==0 && jtag_device_ctx=="jsn-Basys3-210183BB7A20A-0362d093-0"}' command is executed.
16:01:34 INFO  : Device configured successfully with "D:/vivado_first/2026_Project_AXI_I2C/vitis_workspace/AXI_I2C_p/_ide/bitstream/design_1_wrapper.bit"
16:01:34 INFO  : Context for processor 'microblaze_0' is selected.
16:01:34 INFO  : Hardware design and registers information is loaded from 'D:/vivado_first/2026_Project_AXI_I2C/vitis_workspace/design_1_wrapper/export/design_1_wrapper/hw/design_1_wrapper.xsa'.
16:01:34 INFO  : 'configparams mdm-detect-bscan-mask 2' command is executed.
16:01:34 INFO  : Context for processor 'microblaze_0' is selected.
16:01:34 INFO  : System reset is completed.
16:01:37 INFO  : 'after 3000' command is executed.
16:01:37 INFO  : Context for processor 'microblaze_0' is selected.
16:01:37 INFO  : The application 'D:/vivado_first/2026_Project_AXI_I2C/vitis_workspace/AXI_I2C_p/Debug/AXI_I2C_p.elf' is downloaded to processor 'microblaze_0'.
16:01:37 INFO  : ----------------XSDB Script----------------
connect -url tcp:127.0.0.1:3121
targets -set -filter {jtag_cable_name =~ "Digilent Basys3 210183BB7A20A" && level==0 && jtag_device_ctx=="jsn-Basys3-210183BB7A20A-0362d093-0"}
fpga -file D:/vivado_first/2026_Project_AXI_I2C/vitis_workspace/AXI_I2C_p/_ide/bitstream/design_1_wrapper.bit
targets -set -nocase -filter {name =~ "*microblaze*#0" && bscan=="USER2" }
loadhw -hw D:/vivado_first/2026_Project_AXI_I2C/vitis_workspace/design_1_wrapper/export/design_1_wrapper/hw/design_1_wrapper.xsa -regs
configparams mdm-detect-bscan-mask 2
targets -set -nocase -filter {name =~ "*microblaze*#0" && bscan=="USER2" }
rst -system
after 3000
targets -set -nocase -filter {name =~ "*microblaze*#0" && bscan=="USER2" }
dow D:/vivado_first/2026_Project_AXI_I2C/vitis_workspace/AXI_I2C_p/Debug/AXI_I2C_p.elf
----------------End of Script----------------

16:01:37 INFO  : Context for processor 'microblaze_0' is selected.
16:01:37 INFO  : 'con' command is executed.
16:01:37 INFO  : ----------------XSDB Script (After Launch)----------------
targets -set -nocase -filter {name =~ "*microblaze*#0" && bscan=="USER2" }
con
----------------End of Script----------------

16:01:37 INFO  : Launch script is exported to file 'D:\vivado_first\2026_Project_AXI_I2C\vitis_workspace\AXI_I2C_p_system\_ide\scripts\debugger_axi_i2c_p-default.tcl'
16:09:48 INFO  : Checking for BSP changes to sync application flags for project 'AXI_I2C_p'...
16:09:53 INFO  : Disconnected from the channel tcfchan#16.
16:09:54 INFO  : Connected to target on host '127.0.0.1' and port '3121'.
16:09:55 INFO  : Jtag cable 'Digilent Basys3 210183BB7A20A' is selected.
16:09:55 INFO  : 'jtag frequency' command is executed.
16:09:55 INFO  : 'targets -set -filter {jtag_cable_name =~ "Digilent Basys3 210183BB7A20A" && level==0 && jtag_device_ctx=="jsn-Basys3-210183BB7A20A-0362d093-0"}' command is executed.
16:09:55 INFO  : Device configured successfully with "D:/vivado_first/2026_Project_AXI_I2C/vitis_workspace/AXI_I2C_p/_ide/bitstream/design_1_wrapper.bit"
16:09:55 INFO  : Context for processor 'microblaze_0' is selected.
16:09:55 INFO  : Hardware design and registers information is loaded from 'D:/vivado_first/2026_Project_AXI_I2C/vitis_workspace/design_1_wrapper/export/design_1_wrapper/hw/design_1_wrapper.xsa'.
16:09:55 INFO  : 'configparams mdm-detect-bscan-mask 2' command is executed.
16:09:55 INFO  : Context for processor 'microblaze_0' is selected.
16:09:55 INFO  : System reset is completed.
16:09:58 INFO  : 'after 3000' command is executed.
16:09:58 INFO  : Context for processor 'microblaze_0' is selected.
16:09:58 INFO  : The application 'D:/vivado_first/2026_Project_AXI_I2C/vitis_workspace/AXI_I2C_p/Debug/AXI_I2C_p.elf' is downloaded to processor 'microblaze_0'.
16:09:58 INFO  : ----------------XSDB Script----------------
connect -url tcp:127.0.0.1:3121
targets -set -filter {jtag_cable_name =~ "Digilent Basys3 210183BB7A20A" && level==0 && jtag_device_ctx=="jsn-Basys3-210183BB7A20A-0362d093-0"}
fpga -file D:/vivado_first/2026_Project_AXI_I2C/vitis_workspace/AXI_I2C_p/_ide/bitstream/design_1_wrapper.bit
targets -set -nocase -filter {name =~ "*microblaze*#0" && bscan=="USER2" }
loadhw -hw D:/vivado_first/2026_Project_AXI_I2C/vitis_workspace/design_1_wrapper/export/design_1_wrapper/hw/design_1_wrapper.xsa -regs
configparams mdm-detect-bscan-mask 2
targets -set -nocase -filter {name =~ "*microblaze*#0" && bscan=="USER2" }
rst -system
after 3000
targets -set -nocase -filter {name =~ "*microblaze*#0" && bscan=="USER2" }
dow D:/vivado_first/2026_Project_AXI_I2C/vitis_workspace/AXI_I2C_p/Debug/AXI_I2C_p.elf
----------------End of Script----------------

16:09:58 INFO  : Context for processor 'microblaze_0' is selected.
16:09:58 INFO  : 'con' command is executed.
16:09:58 INFO  : ----------------XSDB Script (After Launch)----------------
targets -set -nocase -filter {name =~ "*microblaze*#0" && bscan=="USER2" }
con
----------------End of Script----------------

16:09:58 INFO  : Launch script is exported to file 'D:\vivado_first\2026_Project_AXI_I2C\vitis_workspace\AXI_I2C_p_system\_ide\scripts\debugger_axi_i2c_p-default.tcl'
16:12:02 INFO  : Checking for BSP changes to sync application flags for project 'AXI_I2C_p'...
16:12:08 INFO  : Disconnected from the channel tcfchan#17.
16:12:09 INFO  : Connected to target on host '127.0.0.1' and port '3121'.
16:12:09 INFO  : Jtag cable 'Digilent Basys3 210183BB7A20A' is selected.
16:12:09 INFO  : 'jtag frequency' command is executed.
16:12:09 INFO  : 'targets -set -filter {jtag_cable_name =~ "Digilent Basys3 210183BB7A20A" && level==0 && jtag_device_ctx=="jsn-Basys3-210183BB7A20A-0362d093-0"}' command is executed.
16:12:10 INFO  : Device configured successfully with "D:/vivado_first/2026_Project_AXI_I2C/vitis_workspace/AXI_I2C_p/_ide/bitstream/design_1_wrapper.bit"
16:12:10 INFO  : Context for processor 'microblaze_0' is selected.
16:12:10 INFO  : Hardware design and registers information is loaded from 'D:/vivado_first/2026_Project_AXI_I2C/vitis_workspace/design_1_wrapper/export/design_1_wrapper/hw/design_1_wrapper.xsa'.
16:12:10 INFO  : 'configparams mdm-detect-bscan-mask 2' command is executed.
16:12:10 INFO  : Context for processor 'microblaze_0' is selected.
16:12:10 INFO  : System reset is completed.
16:12:13 INFO  : 'after 3000' command is executed.
16:12:13 INFO  : Context for processor 'microblaze_0' is selected.
16:12:13 INFO  : The application 'D:/vivado_first/2026_Project_AXI_I2C/vitis_workspace/AXI_I2C_p/Debug/AXI_I2C_p.elf' is downloaded to processor 'microblaze_0'.
16:12:13 INFO  : ----------------XSDB Script----------------
connect -url tcp:127.0.0.1:3121
targets -set -filter {jtag_cable_name =~ "Digilent Basys3 210183BB7A20A" && level==0 && jtag_device_ctx=="jsn-Basys3-210183BB7A20A-0362d093-0"}
fpga -file D:/vivado_first/2026_Project_AXI_I2C/vitis_workspace/AXI_I2C_p/_ide/bitstream/design_1_wrapper.bit
targets -set -nocase -filter {name =~ "*microblaze*#0" && bscan=="USER2" }
loadhw -hw D:/vivado_first/2026_Project_AXI_I2C/vitis_workspace/design_1_wrapper/export/design_1_wrapper/hw/design_1_wrapper.xsa -regs
configparams mdm-detect-bscan-mask 2
targets -set -nocase -filter {name =~ "*microblaze*#0" && bscan=="USER2" }
rst -system
after 3000
targets -set -nocase -filter {name =~ "*microblaze*#0" && bscan=="USER2" }
dow D:/vivado_first/2026_Project_AXI_I2C/vitis_workspace/AXI_I2C_p/Debug/AXI_I2C_p.elf
----------------End of Script----------------

16:12:13 INFO  : Context for processor 'microblaze_0' is selected.
16:12:13 INFO  : 'con' command is executed.
16:12:13 INFO  : ----------------XSDB Script (After Launch)----------------
targets -set -nocase -filter {name =~ "*microblaze*#0" && bscan=="USER2" }
con
----------------End of Script----------------

16:12:13 INFO  : Launch script is exported to file 'D:\vivado_first\2026_Project_AXI_I2C\vitis_workspace\AXI_I2C_p_system\_ide\scripts\debugger_axi_i2c_p-default.tcl'
16:12:49 INFO  : Checking for BSP changes to sync application flags for project 'AXI_I2C_p'...
16:12:54 INFO  : Disconnected from the channel tcfchan#18.
16:12:55 INFO  : Connected to target on host '127.0.0.1' and port '3121'.
16:12:55 INFO  : Jtag cable 'Digilent Basys3 210183BB7A20A' is selected.
16:12:55 INFO  : 'jtag frequency' command is executed.
16:12:55 INFO  : 'targets -set -filter {jtag_cable_name =~ "Digilent Basys3 210183BB7A20A" && level==0 && jtag_device_ctx=="jsn-Basys3-210183BB7A20A-0362d093-0"}' command is executed.
16:12:55 INFO  : Device configured successfully with "D:/vivado_first/2026_Project_AXI_I2C/vitis_workspace/AXI_I2C_p/_ide/bitstream/design_1_wrapper.bit"
16:12:55 INFO  : Context for processor 'microblaze_0' is selected.
16:12:55 INFO  : Hardware design and registers information is loaded from 'D:/vivado_first/2026_Project_AXI_I2C/vitis_workspace/design_1_wrapper/export/design_1_wrapper/hw/design_1_wrapper.xsa'.
16:12:55 INFO  : 'configparams mdm-detect-bscan-mask 2' command is executed.
16:12:55 INFO  : Context for processor 'microblaze_0' is selected.
16:12:55 INFO  : System reset is completed.
16:12:58 INFO  : 'after 3000' command is executed.
16:12:58 INFO  : Context for processor 'microblaze_0' is selected.
16:12:59 INFO  : The application 'D:/vivado_first/2026_Project_AXI_I2C/vitis_workspace/AXI_I2C_p/Debug/AXI_I2C_p.elf' is downloaded to processor 'microblaze_0'.
16:12:59 INFO  : ----------------XSDB Script----------------
connect -url tcp:127.0.0.1:3121
targets -set -filter {jtag_cable_name =~ "Digilent Basys3 210183BB7A20A" && level==0 && jtag_device_ctx=="jsn-Basys3-210183BB7A20A-0362d093-0"}
fpga -file D:/vivado_first/2026_Project_AXI_I2C/vitis_workspace/AXI_I2C_p/_ide/bitstream/design_1_wrapper.bit
targets -set -nocase -filter {name =~ "*microblaze*#0" && bscan=="USER2" }
loadhw -hw D:/vivado_first/2026_Project_AXI_I2C/vitis_workspace/design_1_wrapper/export/design_1_wrapper/hw/design_1_wrapper.xsa -regs
configparams mdm-detect-bscan-mask 2
targets -set -nocase -filter {name =~ "*microblaze*#0" && bscan=="USER2" }
rst -system
after 3000
targets -set -nocase -filter {name =~ "*microblaze*#0" && bscan=="USER2" }
dow D:/vivado_first/2026_Project_AXI_I2C/vitis_workspace/AXI_I2C_p/Debug/AXI_I2C_p.elf
----------------End of Script----------------

16:12:59 INFO  : Context for processor 'microblaze_0' is selected.
16:12:59 INFO  : 'con' command is executed.
16:12:59 INFO  : ----------------XSDB Script (After Launch)----------------
targets -set -nocase -filter {name =~ "*microblaze*#0" && bscan=="USER2" }
con
----------------End of Script----------------

16:12:59 INFO  : Launch script is exported to file 'D:\vivado_first\2026_Project_AXI_I2C\vitis_workspace\AXI_I2C_p_system\_ide\scripts\debugger_axi_i2c_p-default.tcl'
16:13:07 INFO  : Checking for BSP changes to sync application flags for project 'AXI_I2C_p'...
16:14:24 INFO  : Checking for BSP changes to sync application flags for project 'AXI_I2C_p'...
16:14:30 INFO  : Disconnected from the channel tcfchan#19.
16:14:31 INFO  : Connected to target on host '127.0.0.1' and port '3121'.
16:14:31 INFO  : Jtag cable 'Digilent Basys3 210183B81A3DA' is selected.
16:14:31 INFO  : 'jtag frequency' command is executed.
16:14:31 INFO  : 'targets -set -filter {jtag_cable_name =~ "Digilent Basys3 210183B81A3DA" && level==0 && jtag_device_ctx=="jsn-Basys3-210183B81A3DA-0362d093-0"}' command is executed.
16:14:32 INFO  : Device configured successfully with "D:/vivado_first/2026_Project_AXI_I2C/vitis_workspace/AXI_I2C_p/_ide/bitstream/design_1_wrapper.bit"
16:14:32 INFO  : Context for processor 'microblaze_0' is selected.
16:14:32 INFO  : Hardware design and registers information is loaded from 'D:/vivado_first/2026_Project_AXI_I2C/vitis_workspace/design_1_wrapper/export/design_1_wrapper/hw/design_1_wrapper.xsa'.
16:14:32 INFO  : 'configparams mdm-detect-bscan-mask 2' command is executed.
16:14:32 INFO  : Context for processor 'microblaze_0' is selected.
16:14:32 INFO  : System reset is completed.
16:14:35 INFO  : 'after 3000' command is executed.
16:14:35 INFO  : Context for processor 'microblaze_0' is selected.
16:14:35 INFO  : The application 'D:/vivado_first/2026_Project_AXI_I2C/vitis_workspace/AXI_I2C_p/Debug/AXI_I2C_p.elf' is downloaded to processor 'microblaze_0'.
16:14:35 INFO  : ----------------XSDB Script----------------
connect -url tcp:127.0.0.1:3121
targets -set -filter {jtag_cable_name =~ "Digilent Basys3 210183B81A3DA" && level==0 && jtag_device_ctx=="jsn-Basys3-210183B81A3DA-0362d093-0"}
fpga -file D:/vivado_first/2026_Project_AXI_I2C/vitis_workspace/AXI_I2C_p/_ide/bitstream/design_1_wrapper.bit
targets -set -nocase -filter {name =~ "*microblaze*#0" && bscan=="USER2" }
loadhw -hw D:/vivado_first/2026_Project_AXI_I2C/vitis_workspace/design_1_wrapper/export/design_1_wrapper/hw/design_1_wrapper.xsa -regs
configparams mdm-detect-bscan-mask 2
targets -set -nocase -filter {name =~ "*microblaze*#0" && bscan=="USER2" }
rst -system
after 3000
targets -set -nocase -filter {name =~ "*microblaze*#0" && bscan=="USER2" }
dow D:/vivado_first/2026_Project_AXI_I2C/vitis_workspace/AXI_I2C_p/Debug/AXI_I2C_p.elf
----------------End of Script----------------

16:14:35 INFO  : Context for processor 'microblaze_0' is selected.
16:14:35 INFO  : 'con' command is executed.
16:14:35 INFO  : ----------------XSDB Script (After Launch)----------------
targets -set -nocase -filter {name =~ "*microblaze*#0" && bscan=="USER2" }
con
----------------End of Script----------------

16:14:35 INFO  : Launch script is exported to file 'D:\vivado_first\2026_Project_AXI_I2C\vitis_workspace\AXI_I2C_p_system\_ide\scripts\debugger_axi_i2c_p-default.tcl'
16:14:59 INFO  : Disconnected from the channel tcfchan#20.
16:15:00 INFO  : Connected to target on host '127.0.0.1' and port '3121'.
16:15:00 INFO  : Jtag cable 'Digilent Basys3 210183B81A3DA' is selected.
16:15:00 INFO  : 'jtag frequency' command is executed.
16:15:00 INFO  : 'targets -set -filter {jtag_cable_name =~ "Digilent Basys3 210183B81A3DA" && level==0 && jtag_device_ctx=="jsn-Basys3-210183B81A3DA-0362d093-0"}' command is executed.
16:15:01 INFO  : Device configured successfully with "D:/vivado_first/2026_Project_AXI_I2C/vitis_workspace/AXI_I2C_p/_ide/bitstream/design_1_wrapper.bit"
16:15:01 INFO  : Context for processor 'microblaze_0' is selected.
16:15:01 INFO  : Hardware design and registers information is loaded from 'D:/vivado_first/2026_Project_AXI_I2C/vitis_workspace/design_1_wrapper/export/design_1_wrapper/hw/design_1_wrapper.xsa'.
16:15:01 INFO  : 'configparams mdm-detect-bscan-mask 2' command is executed.
16:15:01 INFO  : Context for processor 'microblaze_0' is selected.
16:15:01 INFO  : System reset is completed.
16:15:04 INFO  : 'after 3000' command is executed.
16:15:04 INFO  : Context for processor 'microblaze_0' is selected.
16:15:04 INFO  : The application 'D:/vivado_first/2026_Project_AXI_I2C/vitis_workspace/AXI_I2C_p/Debug/AXI_I2C_p.elf' is downloaded to processor 'microblaze_0'.
16:15:04 INFO  : ----------------XSDB Script----------------
connect -url tcp:127.0.0.1:3121
targets -set -filter {jtag_cable_name =~ "Digilent Basys3 210183B81A3DA" && level==0 && jtag_device_ctx=="jsn-Basys3-210183B81A3DA-0362d093-0"}
fpga -file D:/vivado_first/2026_Project_AXI_I2C/vitis_workspace/AXI_I2C_p/_ide/bitstream/design_1_wrapper.bit
targets -set -nocase -filter {name =~ "*microblaze*#0" && bscan=="USER2" }
loadhw -hw D:/vivado_first/2026_Project_AXI_I2C/vitis_workspace/design_1_wrapper/export/design_1_wrapper/hw/design_1_wrapper.xsa -regs
configparams mdm-detect-bscan-mask 2
targets -set -nocase -filter {name =~ "*microblaze*#0" && bscan=="USER2" }
rst -system
after 3000
targets -set -nocase -filter {name =~ "*microblaze*#0" && bscan=="USER2" }
dow D:/vivado_first/2026_Project_AXI_I2C/vitis_workspace/AXI_I2C_p/Debug/AXI_I2C_p.elf
----------------End of Script----------------

16:15:04 INFO  : Context for processor 'microblaze_0' is selected.
16:15:04 INFO  : 'con' command is executed.
16:15:04 INFO  : ----------------XSDB Script (After Launch)----------------
targets -set -nocase -filter {name =~ "*microblaze*#0" && bscan=="USER2" }
con
----------------End of Script----------------

16:15:04 INFO  : Launch script is exported to file 'D:\vivado_first\2026_Project_AXI_I2C\vitis_workspace\AXI_I2C_p_system\_ide\scripts\debugger_axi_i2c_p-default.tcl'
16:15:11 INFO  : Disconnected from the channel tcfchan#21.
16:15:12 INFO  : Connected to target on host '127.0.0.1' and port '3121'.
16:15:12 INFO  : Jtag cable 'Digilent Basys3 210183B81A3DA' is selected.
16:15:12 INFO  : 'jtag frequency' command is executed.
16:15:12 INFO  : 'targets -set -filter {jtag_cable_name =~ "Digilent Basys3 210183B81A3DA" && level==0 && jtag_device_ctx=="jsn-Basys3-210183B81A3DA-0362d093-0"}' command is executed.
16:15:13 INFO  : Device configured successfully with "D:/vivado_first/2026_Project_AXI_I2C/vitis_workspace/AXI_I2C_p/_ide/bitstream/design_1_wrapper.bit"
16:15:13 INFO  : Context for processor 'microblaze_0' is selected.
16:15:13 INFO  : Hardware design and registers information is loaded from 'D:/vivado_first/2026_Project_AXI_I2C/vitis_workspace/design_1_wrapper/export/design_1_wrapper/hw/design_1_wrapper.xsa'.
16:15:13 INFO  : 'configparams mdm-detect-bscan-mask 2' command is executed.
16:15:13 INFO  : Context for processor 'microblaze_0' is selected.
16:15:13 INFO  : System reset is completed.
16:15:16 INFO  : 'after 3000' command is executed.
16:15:16 INFO  : Context for processor 'microblaze_0' is selected.
16:15:16 INFO  : The application 'D:/vivado_first/2026_Project_AXI_I2C/vitis_workspace/AXI_I2C_p/Debug/AXI_I2C_p.elf' is downloaded to processor 'microblaze_0'.
16:15:16 INFO  : ----------------XSDB Script----------------
connect -url tcp:127.0.0.1:3121
targets -set -filter {jtag_cable_name =~ "Digilent Basys3 210183B81A3DA" && level==0 && jtag_device_ctx=="jsn-Basys3-210183B81A3DA-0362d093-0"}
fpga -file D:/vivado_first/2026_Project_AXI_I2C/vitis_workspace/AXI_I2C_p/_ide/bitstream/design_1_wrapper.bit
targets -set -nocase -filter {name =~ "*microblaze*#0" && bscan=="USER2" }
loadhw -hw D:/vivado_first/2026_Project_AXI_I2C/vitis_workspace/design_1_wrapper/export/design_1_wrapper/hw/design_1_wrapper.xsa -regs
configparams mdm-detect-bscan-mask 2
targets -set -nocase -filter {name =~ "*microblaze*#0" && bscan=="USER2" }
rst -system
after 3000
targets -set -nocase -filter {name =~ "*microblaze*#0" && bscan=="USER2" }
dow D:/vivado_first/2026_Project_AXI_I2C/vitis_workspace/AXI_I2C_p/Debug/AXI_I2C_p.elf
----------------End of Script----------------

16:15:16 INFO  : Context for processor 'microblaze_0' is selected.
16:15:16 INFO  : 'con' command is executed.
16:15:16 INFO  : ----------------XSDB Script (After Launch)----------------
targets -set -nocase -filter {name =~ "*microblaze*#0" && bscan=="USER2" }
con
----------------End of Script----------------

16:15:16 INFO  : Launch script is exported to file 'D:\vivado_first\2026_Project_AXI_I2C\vitis_workspace\AXI_I2C_p_system\_ide\scripts\debugger_axi_i2c_p-default.tcl'
16:16:01 INFO  : Disconnected from the channel tcfchan#22.
16:16:02 INFO  : Connected to target on host '127.0.0.1' and port '3121'.
16:16:02 INFO  : Jtag cable 'Digilent Basys3 210183B81A3DA' is selected.
16:16:02 INFO  : 'jtag frequency' command is executed.
16:16:02 INFO  : 'targets -set -filter {jtag_cable_name =~ "Digilent Basys3 210183B81A3DA" && level==0 && jtag_device_ctx=="jsn-Basys3-210183B81A3DA-0362d093-0"}' command is executed.
16:16:03 INFO  : Device configured successfully with "D:/vivado_first/2026_Project_AXI_I2C/vitis_workspace/AXI_I2C_p/_ide/bitstream/design_1_wrapper.bit"
16:16:03 INFO  : Context for processor 'microblaze_0' is selected.
16:16:03 INFO  : Hardware design and registers information is loaded from 'D:/vivado_first/2026_Project_AXI_I2C/vitis_workspace/design_1_wrapper/export/design_1_wrapper/hw/design_1_wrapper.xsa'.
16:16:03 INFO  : 'configparams mdm-detect-bscan-mask 2' command is executed.
16:16:03 INFO  : Context for processor 'microblaze_0' is selected.
16:16:03 INFO  : System reset is completed.
16:16:06 INFO  : 'after 3000' command is executed.
16:16:06 INFO  : Context for processor 'microblaze_0' is selected.
16:16:06 INFO  : The application 'D:/vivado_first/2026_Project_AXI_I2C/vitis_workspace/AXI_I2C_p/Debug/AXI_I2C_p.elf' is downloaded to processor 'microblaze_0'.
16:16:06 INFO  : ----------------XSDB Script----------------
connect -url tcp:127.0.0.1:3121
targets -set -filter {jtag_cable_name =~ "Digilent Basys3 210183B81A3DA" && level==0 && jtag_device_ctx=="jsn-Basys3-210183B81A3DA-0362d093-0"}
fpga -file D:/vivado_first/2026_Project_AXI_I2C/vitis_workspace/AXI_I2C_p/_ide/bitstream/design_1_wrapper.bit
targets -set -nocase -filter {name =~ "*microblaze*#0" && bscan=="USER2" }
loadhw -hw D:/vivado_first/2026_Project_AXI_I2C/vitis_workspace/design_1_wrapper/export/design_1_wrapper/hw/design_1_wrapper.xsa -regs
configparams mdm-detect-bscan-mask 2
targets -set -nocase -filter {name =~ "*microblaze*#0" && bscan=="USER2" }
rst -system
after 3000
targets -set -nocase -filter {name =~ "*microblaze*#0" && bscan=="USER2" }
dow D:/vivado_first/2026_Project_AXI_I2C/vitis_workspace/AXI_I2C_p/Debug/AXI_I2C_p.elf
----------------End of Script----------------

16:16:06 INFO  : Context for processor 'microblaze_0' is selected.
16:16:06 INFO  : 'con' command is executed.
16:16:06 INFO  : ----------------XSDB Script (After Launch)----------------
targets -set -nocase -filter {name =~ "*microblaze*#0" && bscan=="USER2" }
con
----------------End of Script----------------

16:16:06 INFO  : Launch script is exported to file 'D:\vivado_first\2026_Project_AXI_I2C\vitis_workspace\AXI_I2C_p_system\_ide\scripts\debugger_axi_i2c_p-default.tcl'
16:17:52 INFO  : Disconnected from the channel tcfchan#23.
16:17:53 INFO  : Connected to target on host '127.0.0.1' and port '3121'.
16:17:53 INFO  : Jtag cable 'Digilent Basys3 210183B81A3DA' is selected.
16:17:53 INFO  : 'jtag frequency' command is executed.
16:17:53 INFO  : 'targets -set -filter {jtag_cable_name =~ "Digilent Basys3 210183B81A3DA" && level==0 && jtag_device_ctx=="jsn-Basys3-210183B81A3DA-0362d093-0"}' command is executed.
16:17:54 INFO  : Device configured successfully with "D:/vivado_first/2026_Project_AXI_I2C/vitis_workspace/AXI_I2C_p/_ide/bitstream/design_1_wrapper.bit"
16:17:54 INFO  : Context for processor 'microblaze_0' is selected.
16:17:54 INFO  : Hardware design and registers information is loaded from 'D:/vivado_first/2026_Project_AXI_I2C/vitis_workspace/design_1_wrapper/export/design_1_wrapper/hw/design_1_wrapper.xsa'.
16:17:54 INFO  : 'configparams mdm-detect-bscan-mask 2' command is executed.
16:17:54 INFO  : Context for processor 'microblaze_0' is selected.
16:17:54 INFO  : System reset is completed.
16:17:57 INFO  : 'after 3000' command is executed.
16:17:57 INFO  : Context for processor 'microblaze_0' is selected.
16:17:57 INFO  : The application 'D:/vivado_first/2026_Project_AXI_I2C/vitis_workspace/AXI_I2C_p/Debug/AXI_I2C_p.elf' is downloaded to processor 'microblaze_0'.
16:17:57 INFO  : ----------------XSDB Script----------------
connect -url tcp:127.0.0.1:3121
targets -set -filter {jtag_cable_name =~ "Digilent Basys3 210183B81A3DA" && level==0 && jtag_device_ctx=="jsn-Basys3-210183B81A3DA-0362d093-0"}
fpga -file D:/vivado_first/2026_Project_AXI_I2C/vitis_workspace/AXI_I2C_p/_ide/bitstream/design_1_wrapper.bit
targets -set -nocase -filter {name =~ "*microblaze*#0" && bscan=="USER2" }
loadhw -hw D:/vivado_first/2026_Project_AXI_I2C/vitis_workspace/design_1_wrapper/export/design_1_wrapper/hw/design_1_wrapper.xsa -regs
configparams mdm-detect-bscan-mask 2
targets -set -nocase -filter {name =~ "*microblaze*#0" && bscan=="USER2" }
rst -system
after 3000
targets -set -nocase -filter {name =~ "*microblaze*#0" && bscan=="USER2" }
dow D:/vivado_first/2026_Project_AXI_I2C/vitis_workspace/AXI_I2C_p/Debug/AXI_I2C_p.elf
----------------End of Script----------------

16:17:57 INFO  : Context for processor 'microblaze_0' is selected.
16:17:57 INFO  : 'con' command is executed.
16:17:57 INFO  : ----------------XSDB Script (After Launch)----------------
targets -set -nocase -filter {name =~ "*microblaze*#0" && bscan=="USER2" }
con
----------------End of Script----------------

16:17:57 INFO  : Launch script is exported to file 'D:\vivado_first\2026_Project_AXI_I2C\vitis_workspace\AXI_I2C_p_system\_ide\scripts\debugger_axi_i2c_p-default.tcl'
16:19:59 INFO  : Checking for BSP changes to sync application flags for project 'AXI_I2C_p'...
16:20:27 INFO  : Disconnected from the channel tcfchan#24.
16:20:28 INFO  : Connected to target on host '127.0.0.1' and port '3121'.
16:20:28 INFO  : Jtag cable 'Digilent Basys3 210183B81A3DA' is selected.
16:20:28 INFO  : 'jtag frequency' command is executed.
16:20:28 INFO  : 'targets -set -filter {jtag_cable_name =~ "Digilent Basys3 210183B81A3DA" && level==0 && jtag_device_ctx=="jsn-Basys3-210183B81A3DA-0362d093-0"}' command is executed.
16:20:29 INFO  : Device configured successfully with "D:/vivado_first/2026_Project_AXI_I2C/vitis_workspace/AXI_I2C_p/_ide/bitstream/design_1_wrapper.bit"
16:20:29 INFO  : Context for processor 'microblaze_0' is selected.
16:20:29 INFO  : Hardware design and registers information is loaded from 'D:/vivado_first/2026_Project_AXI_I2C/vitis_workspace/design_1_wrapper/export/design_1_wrapper/hw/design_1_wrapper.xsa'.
16:20:29 INFO  : 'configparams mdm-detect-bscan-mask 2' command is executed.
16:20:29 INFO  : Context for processor 'microblaze_0' is selected.
16:20:29 INFO  : System reset is completed.
16:20:32 INFO  : 'after 3000' command is executed.
16:20:32 INFO  : Context for processor 'microblaze_0' is selected.
16:20:32 INFO  : The application 'D:/vivado_first/2026_Project_AXI_I2C/vitis_workspace/AXI_I2C_p/Debug/AXI_I2C_p.elf' is downloaded to processor 'microblaze_0'.
16:20:32 INFO  : ----------------XSDB Script----------------
connect -url tcp:127.0.0.1:3121
targets -set -filter {jtag_cable_name =~ "Digilent Basys3 210183B81A3DA" && level==0 && jtag_device_ctx=="jsn-Basys3-210183B81A3DA-0362d093-0"}
fpga -file D:/vivado_first/2026_Project_AXI_I2C/vitis_workspace/AXI_I2C_p/_ide/bitstream/design_1_wrapper.bit
targets -set -nocase -filter {name =~ "*microblaze*#0" && bscan=="USER2" }
loadhw -hw D:/vivado_first/2026_Project_AXI_I2C/vitis_workspace/design_1_wrapper/export/design_1_wrapper/hw/design_1_wrapper.xsa -regs
configparams mdm-detect-bscan-mask 2
targets -set -nocase -filter {name =~ "*microblaze*#0" && bscan=="USER2" }
rst -system
after 3000
targets -set -nocase -filter {name =~ "*microblaze*#0" && bscan=="USER2" }
dow D:/vivado_first/2026_Project_AXI_I2C/vitis_workspace/AXI_I2C_p/Debug/AXI_I2C_p.elf
----------------End of Script----------------

16:20:32 INFO  : Context for processor 'microblaze_0' is selected.
16:20:32 INFO  : 'con' command is executed.
16:20:32 INFO  : ----------------XSDB Script (After Launch)----------------
targets -set -nocase -filter {name =~ "*microblaze*#0" && bscan=="USER2" }
con
----------------End of Script----------------

16:20:32 INFO  : Launch script is exported to file 'D:\vivado_first\2026_Project_AXI_I2C\vitis_workspace\AXI_I2C_p_system\_ide\scripts\debugger_axi_i2c_p-default.tcl'
16:23:37 INFO  : Checking for BSP changes to sync application flags for project 'AXI_I2C_p'...
16:23:42 INFO  : Disconnected from the channel tcfchan#25.
16:23:43 INFO  : Connected to target on host '127.0.0.1' and port '3121'.
16:23:43 INFO  : Jtag cable 'Digilent Basys3 210183B81A3DA' is selected.
16:23:43 INFO  : 'jtag frequency' command is executed.
16:23:43 INFO  : 'targets -set -filter {jtag_cable_name =~ "Digilent Basys3 210183B81A3DA" && level==0 && jtag_device_ctx=="jsn-Basys3-210183B81A3DA-0362d093-0"}' command is executed.
16:23:43 INFO  : Device configured successfully with "D:/vivado_first/2026_Project_AXI_I2C/vitis_workspace/AXI_I2C_p/_ide/bitstream/design_1_wrapper.bit"
16:23:43 INFO  : Context for processor 'microblaze_0' is selected.
16:23:43 INFO  : Hardware design and registers information is loaded from 'D:/vivado_first/2026_Project_AXI_I2C/vitis_workspace/design_1_wrapper/export/design_1_wrapper/hw/design_1_wrapper.xsa'.
16:23:43 INFO  : 'configparams mdm-detect-bscan-mask 2' command is executed.
16:23:43 INFO  : Context for processor 'microblaze_0' is selected.
16:23:43 INFO  : System reset is completed.
16:23:46 INFO  : 'after 3000' command is executed.
16:23:46 INFO  : Context for processor 'microblaze_0' is selected.
16:23:47 INFO  : The application 'D:/vivado_first/2026_Project_AXI_I2C/vitis_workspace/AXI_I2C_p/Debug/AXI_I2C_p.elf' is downloaded to processor 'microblaze_0'.
16:23:47 INFO  : ----------------XSDB Script----------------
connect -url tcp:127.0.0.1:3121
targets -set -filter {jtag_cable_name =~ "Digilent Basys3 210183B81A3DA" && level==0 && jtag_device_ctx=="jsn-Basys3-210183B81A3DA-0362d093-0"}
fpga -file D:/vivado_first/2026_Project_AXI_I2C/vitis_workspace/AXI_I2C_p/_ide/bitstream/design_1_wrapper.bit
targets -set -nocase -filter {name =~ "*microblaze*#0" && bscan=="USER2" }
loadhw -hw D:/vivado_first/2026_Project_AXI_I2C/vitis_workspace/design_1_wrapper/export/design_1_wrapper/hw/design_1_wrapper.xsa -regs
configparams mdm-detect-bscan-mask 2
targets -set -nocase -filter {name =~ "*microblaze*#0" && bscan=="USER2" }
rst -system
after 3000
targets -set -nocase -filter {name =~ "*microblaze*#0" && bscan=="USER2" }
dow D:/vivado_first/2026_Project_AXI_I2C/vitis_workspace/AXI_I2C_p/Debug/AXI_I2C_p.elf
----------------End of Script----------------

16:23:47 INFO  : Context for processor 'microblaze_0' is selected.
16:23:47 INFO  : 'con' command is executed.
16:23:47 INFO  : ----------------XSDB Script (After Launch)----------------
targets -set -nocase -filter {name =~ "*microblaze*#0" && bscan=="USER2" }
con
----------------End of Script----------------

16:23:47 INFO  : Launch script is exported to file 'D:\vivado_first\2026_Project_AXI_I2C\vitis_workspace\AXI_I2C_p_system\_ide\scripts\debugger_axi_i2c_p-default.tcl'
16:23:55 INFO  : Disconnected from the channel tcfchan#26.
16:23:56 INFO  : Connected to target on host '127.0.0.1' and port '3121'.
16:23:56 INFO  : Jtag cable 'Digilent Basys3 210183B81A3DA' is selected.
16:23:56 INFO  : 'jtag frequency' command is executed.
16:23:56 INFO  : 'targets -set -filter {jtag_cable_name =~ "Digilent Basys3 210183B81A3DA" && level==0 && jtag_device_ctx=="jsn-Basys3-210183B81A3DA-0362d093-0"}' command is executed.
16:23:56 INFO  : Device configured successfully with "D:/vivado_first/2026_Project_AXI_I2C/vitis_workspace/AXI_I2C_p/_ide/bitstream/design_1_wrapper.bit"
16:23:56 INFO  : Context for processor 'microblaze_0' is selected.
16:23:56 INFO  : Hardware design and registers information is loaded from 'D:/vivado_first/2026_Project_AXI_I2C/vitis_workspace/design_1_wrapper/export/design_1_wrapper/hw/design_1_wrapper.xsa'.
16:23:56 INFO  : 'configparams mdm-detect-bscan-mask 2' command is executed.
16:23:56 INFO  : Context for processor 'microblaze_0' is selected.
16:23:56 INFO  : System reset is completed.
16:23:59 INFO  : 'after 3000' command is executed.
16:23:59 INFO  : Context for processor 'microblaze_0' is selected.
16:24:00 INFO  : The application 'D:/vivado_first/2026_Project_AXI_I2C/vitis_workspace/AXI_I2C_p/Debug/AXI_I2C_p.elf' is downloaded to processor 'microblaze_0'.
16:24:00 INFO  : ----------------XSDB Script----------------
connect -url tcp:127.0.0.1:3121
targets -set -filter {jtag_cable_name =~ "Digilent Basys3 210183B81A3DA" && level==0 && jtag_device_ctx=="jsn-Basys3-210183B81A3DA-0362d093-0"}
fpga -file D:/vivado_first/2026_Project_AXI_I2C/vitis_workspace/AXI_I2C_p/_ide/bitstream/design_1_wrapper.bit
targets -set -nocase -filter {name =~ "*microblaze*#0" && bscan=="USER2" }
loadhw -hw D:/vivado_first/2026_Project_AXI_I2C/vitis_workspace/design_1_wrapper/export/design_1_wrapper/hw/design_1_wrapper.xsa -regs
configparams mdm-detect-bscan-mask 2
targets -set -nocase -filter {name =~ "*microblaze*#0" && bscan=="USER2" }
rst -system
after 3000
targets -set -nocase -filter {name =~ "*microblaze*#0" && bscan=="USER2" }
dow D:/vivado_first/2026_Project_AXI_I2C/vitis_workspace/AXI_I2C_p/Debug/AXI_I2C_p.elf
----------------End of Script----------------

16:24:00 INFO  : Context for processor 'microblaze_0' is selected.
16:24:00 INFO  : 'con' command is executed.
16:24:00 INFO  : ----------------XSDB Script (After Launch)----------------
targets -set -nocase -filter {name =~ "*microblaze*#0" && bscan=="USER2" }
con
----------------End of Script----------------

16:24:00 INFO  : Launch script is exported to file 'D:\vivado_first\2026_Project_AXI_I2C\vitis_workspace\AXI_I2C_p_system\_ide\scripts\debugger_axi_i2c_p-default.tcl'
16:26:34 INFO  : Checking for BSP changes to sync application flags for project 'AXI_I2C_p'...
16:26:40 INFO  : Disconnected from the channel tcfchan#27.
16:26:41 INFO  : Connected to target on host '127.0.0.1' and port '3121'.
16:26:41 INFO  : Jtag cable 'Digilent Basys3 210183B81A3DA' is selected.
16:26:41 INFO  : 'jtag frequency' command is executed.
16:26:41 INFO  : 'targets -set -filter {jtag_cable_name =~ "Digilent Basys3 210183B81A3DA" && level==0 && jtag_device_ctx=="jsn-Basys3-210183B81A3DA-0362d093-0"}' command is executed.
16:26:42 INFO  : Device configured successfully with "D:/vivado_first/2026_Project_AXI_I2C/vitis_workspace/AXI_I2C_p/_ide/bitstream/design_1_wrapper.bit"
16:26:42 INFO  : Context for processor 'microblaze_0' is selected.
16:26:42 INFO  : Hardware design and registers information is loaded from 'D:/vivado_first/2026_Project_AXI_I2C/vitis_workspace/design_1_wrapper/export/design_1_wrapper/hw/design_1_wrapper.xsa'.
16:26:42 INFO  : 'configparams mdm-detect-bscan-mask 2' command is executed.
16:26:42 INFO  : Context for processor 'microblaze_0' is selected.
16:26:42 INFO  : System reset is completed.
16:26:45 INFO  : 'after 3000' command is executed.
16:26:45 INFO  : Context for processor 'microblaze_0' is selected.
16:26:45 INFO  : The application 'D:/vivado_first/2026_Project_AXI_I2C/vitis_workspace/AXI_I2C_p/Debug/AXI_I2C_p.elf' is downloaded to processor 'microblaze_0'.
16:26:45 INFO  : ----------------XSDB Script----------------
connect -url tcp:127.0.0.1:3121
targets -set -filter {jtag_cable_name =~ "Digilent Basys3 210183B81A3DA" && level==0 && jtag_device_ctx=="jsn-Basys3-210183B81A3DA-0362d093-0"}
fpga -file D:/vivado_first/2026_Project_AXI_I2C/vitis_workspace/AXI_I2C_p/_ide/bitstream/design_1_wrapper.bit
targets -set -nocase -filter {name =~ "*microblaze*#0" && bscan=="USER2" }
loadhw -hw D:/vivado_first/2026_Project_AXI_I2C/vitis_workspace/design_1_wrapper/export/design_1_wrapper/hw/design_1_wrapper.xsa -regs
configparams mdm-detect-bscan-mask 2
targets -set -nocase -filter {name =~ "*microblaze*#0" && bscan=="USER2" }
rst -system
after 3000
targets -set -nocase -filter {name =~ "*microblaze*#0" && bscan=="USER2" }
dow D:/vivado_first/2026_Project_AXI_I2C/vitis_workspace/AXI_I2C_p/Debug/AXI_I2C_p.elf
----------------End of Script----------------

16:26:45 INFO  : Context for processor 'microblaze_0' is selected.
16:26:45 INFO  : 'con' command is executed.
16:26:45 INFO  : ----------------XSDB Script (After Launch)----------------
targets -set -nocase -filter {name =~ "*microblaze*#0" && bscan=="USER2" }
con
----------------End of Script----------------

16:26:45 INFO  : Launch script is exported to file 'D:\vivado_first\2026_Project_AXI_I2C\vitis_workspace\AXI_I2C_p_system\_ide\scripts\debugger_axi_i2c_p-default.tcl'
16:39:52 INFO  : Checking for BSP changes to sync application flags for project 'AXI_I2C_p'...
16:40:00 INFO  : Disconnected from the channel tcfchan#28.
16:40:01 INFO  : Connected to target on host '127.0.0.1' and port '3121'.
16:40:02 INFO  : Jtag cable 'Digilent Basys3 210183B81A3DA' is selected.
16:40:02 INFO  : 'jtag frequency' command is executed.
16:40:02 INFO  : 'targets -set -filter {jtag_cable_name =~ "Digilent Basys3 210183B81A3DA" && level==0 && jtag_device_ctx=="jsn-Basys3-210183B81A3DA-0362d093-0"}' command is executed.
16:40:02 INFO  : Device configured successfully with "D:/vivado_first/2026_Project_AXI_I2C/vitis_workspace/AXI_I2C_p/_ide/bitstream/design_1_wrapper.bit"
16:40:02 INFO  : Context for processor 'microblaze_0' is selected.
16:40:02 INFO  : Hardware design and registers information is loaded from 'D:/vivado_first/2026_Project_AXI_I2C/vitis_workspace/design_1_wrapper/export/design_1_wrapper/hw/design_1_wrapper.xsa'.
16:40:02 INFO  : 'configparams mdm-detect-bscan-mask 2' command is executed.
16:40:02 INFO  : Context for processor 'microblaze_0' is selected.
16:40:02 INFO  : System reset is completed.
16:40:05 INFO  : 'after 3000' command is executed.
16:40:05 INFO  : Context for processor 'microblaze_0' is selected.
16:40:05 INFO  : The application 'D:/vivado_first/2026_Project_AXI_I2C/vitis_workspace/AXI_I2C_p/Debug/AXI_I2C_p.elf' is downloaded to processor 'microblaze_0'.
16:40:05 INFO  : ----------------XSDB Script----------------
connect -url tcp:127.0.0.1:3121
targets -set -filter {jtag_cable_name =~ "Digilent Basys3 210183B81A3DA" && level==0 && jtag_device_ctx=="jsn-Basys3-210183B81A3DA-0362d093-0"}
fpga -file D:/vivado_first/2026_Project_AXI_I2C/vitis_workspace/AXI_I2C_p/_ide/bitstream/design_1_wrapper.bit
targets -set -nocase -filter {name =~ "*microblaze*#0" && bscan=="USER2" }
loadhw -hw D:/vivado_first/2026_Project_AXI_I2C/vitis_workspace/design_1_wrapper/export/design_1_wrapper/hw/design_1_wrapper.xsa -regs
configparams mdm-detect-bscan-mask 2
targets -set -nocase -filter {name =~ "*microblaze*#0" && bscan=="USER2" }
rst -system
after 3000
targets -set -nocase -filter {name =~ "*microblaze*#0" && bscan=="USER2" }
dow D:/vivado_first/2026_Project_AXI_I2C/vitis_workspace/AXI_I2C_p/Debug/AXI_I2C_p.elf
----------------End of Script----------------

16:40:05 INFO  : Context for processor 'microblaze_0' is selected.
16:40:06 INFO  : 'con' command is executed.
16:40:06 INFO  : ----------------XSDB Script (After Launch)----------------
targets -set -nocase -filter {name =~ "*microblaze*#0" && bscan=="USER2" }
con
----------------End of Script----------------

16:40:06 INFO  : Launch script is exported to file 'D:\vivado_first\2026_Project_AXI_I2C\vitis_workspace\AXI_I2C_p_system\_ide\scripts\debugger_axi_i2c_p-default.tcl'
16:44:57 INFO  : Checking for BSP changes to sync application flags for project 'AXI_I2C_p'...
16:45:03 INFO  : Disconnected from the channel tcfchan#29.
16:45:04 INFO  : Connected to target on host '127.0.0.1' and port '3121'.
16:45:04 INFO  : Jtag cable 'Digilent Basys3 210183B81A3DA' is selected.
16:45:04 INFO  : 'jtag frequency' command is executed.
16:45:04 INFO  : 'targets -set -filter {jtag_cable_name =~ "Digilent Basys3 210183B81A3DA" && level==0 && jtag_device_ctx=="jsn-Basys3-210183B81A3DA-0362d093-0"}' command is executed.
16:45:05 INFO  : Device configured successfully with "D:/vivado_first/2026_Project_AXI_I2C/vitis_workspace/AXI_I2C_p/_ide/bitstream/design_1_wrapper.bit"
16:45:05 INFO  : Context for processor 'microblaze_0' is selected.
16:45:05 INFO  : Hardware design and registers information is loaded from 'D:/vivado_first/2026_Project_AXI_I2C/vitis_workspace/design_1_wrapper/export/design_1_wrapper/hw/design_1_wrapper.xsa'.
16:45:05 INFO  : 'configparams mdm-detect-bscan-mask 2' command is executed.
16:45:05 INFO  : Context for processor 'microblaze_0' is selected.
16:45:05 INFO  : System reset is completed.
16:45:08 INFO  : 'after 3000' command is executed.
16:45:08 INFO  : Context for processor 'microblaze_0' is selected.
16:45:08 INFO  : The application 'D:/vivado_first/2026_Project_AXI_I2C/vitis_workspace/AXI_I2C_p/Debug/AXI_I2C_p.elf' is downloaded to processor 'microblaze_0'.
16:45:08 INFO  : ----------------XSDB Script----------------
connect -url tcp:127.0.0.1:3121
targets -set -filter {jtag_cable_name =~ "Digilent Basys3 210183B81A3DA" && level==0 && jtag_device_ctx=="jsn-Basys3-210183B81A3DA-0362d093-0"}
fpga -file D:/vivado_first/2026_Project_AXI_I2C/vitis_workspace/AXI_I2C_p/_ide/bitstream/design_1_wrapper.bit
targets -set -nocase -filter {name =~ "*microblaze*#0" && bscan=="USER2" }
loadhw -hw D:/vivado_first/2026_Project_AXI_I2C/vitis_workspace/design_1_wrapper/export/design_1_wrapper/hw/design_1_wrapper.xsa -regs
configparams mdm-detect-bscan-mask 2
targets -set -nocase -filter {name =~ "*microblaze*#0" && bscan=="USER2" }
rst -system
after 3000
targets -set -nocase -filter {name =~ "*microblaze*#0" && bscan=="USER2" }
dow D:/vivado_first/2026_Project_AXI_I2C/vitis_workspace/AXI_I2C_p/Debug/AXI_I2C_p.elf
----------------End of Script----------------

16:45:08 INFO  : Context for processor 'microblaze_0' is selected.
16:45:08 INFO  : 'con' command is executed.
16:45:08 INFO  : ----------------XSDB Script (After Launch)----------------
targets -set -nocase -filter {name =~ "*microblaze*#0" && bscan=="USER2" }
con
----------------End of Script----------------

16:45:08 INFO  : Launch script is exported to file 'D:\vivado_first\2026_Project_AXI_I2C\vitis_workspace\AXI_I2C_p_system\_ide\scripts\debugger_axi_i2c_p-default.tcl'
16:46:41 INFO  : Checking for BSP changes to sync application flags for project 'AXI_I2C_p'...
16:46:46 INFO  : Disconnected from the channel tcfchan#30.
16:46:47 INFO  : Connected to target on host '127.0.0.1' and port '3121'.
16:46:48 INFO  : Jtag cable 'Digilent Basys3 210183B81A3DA' is selected.
16:46:48 INFO  : 'jtag frequency' command is executed.
16:46:48 INFO  : 'targets -set -filter {jtag_cable_name =~ "Digilent Basys3 210183B81A3DA" && level==0 && jtag_device_ctx=="jsn-Basys3-210183B81A3DA-0362d093-0"}' command is executed.
16:46:48 INFO  : Device configured successfully with "D:/vivado_first/2026_Project_AXI_I2C/vitis_workspace/AXI_I2C_p/_ide/bitstream/design_1_wrapper.bit"
16:46:48 INFO  : Context for processor 'microblaze_0' is selected.
16:46:48 INFO  : Hardware design and registers information is loaded from 'D:/vivado_first/2026_Project_AXI_I2C/vitis_workspace/design_1_wrapper/export/design_1_wrapper/hw/design_1_wrapper.xsa'.
16:46:48 INFO  : 'configparams mdm-detect-bscan-mask 2' command is executed.
16:46:48 INFO  : Context for processor 'microblaze_0' is selected.
16:46:48 INFO  : System reset is completed.
16:46:51 INFO  : 'after 3000' command is executed.
16:46:51 INFO  : Context for processor 'microblaze_0' is selected.
16:46:51 INFO  : The application 'D:/vivado_first/2026_Project_AXI_I2C/vitis_workspace/AXI_I2C_p/Debug/AXI_I2C_p.elf' is downloaded to processor 'microblaze_0'.
16:46:51 INFO  : ----------------XSDB Script----------------
connect -url tcp:127.0.0.1:3121
targets -set -filter {jtag_cable_name =~ "Digilent Basys3 210183B81A3DA" && level==0 && jtag_device_ctx=="jsn-Basys3-210183B81A3DA-0362d093-0"}
fpga -file D:/vivado_first/2026_Project_AXI_I2C/vitis_workspace/AXI_I2C_p/_ide/bitstream/design_1_wrapper.bit
targets -set -nocase -filter {name =~ "*microblaze*#0" && bscan=="USER2" }
loadhw -hw D:/vivado_first/2026_Project_AXI_I2C/vitis_workspace/design_1_wrapper/export/design_1_wrapper/hw/design_1_wrapper.xsa -regs
configparams mdm-detect-bscan-mask 2
targets -set -nocase -filter {name =~ "*microblaze*#0" && bscan=="USER2" }
rst -system
after 3000
targets -set -nocase -filter {name =~ "*microblaze*#0" && bscan=="USER2" }
dow D:/vivado_first/2026_Project_AXI_I2C/vitis_workspace/AXI_I2C_p/Debug/AXI_I2C_p.elf
----------------End of Script----------------

16:46:51 INFO  : Context for processor 'microblaze_0' is selected.
16:46:51 INFO  : 'con' command is executed.
16:46:51 INFO  : ----------------XSDB Script (After Launch)----------------
targets -set -nocase -filter {name =~ "*microblaze*#0" && bscan=="USER2" }
con
----------------End of Script----------------

16:46:51 INFO  : Launch script is exported to file 'D:\vivado_first\2026_Project_AXI_I2C\vitis_workspace\AXI_I2C_p_system\_ide\scripts\debugger_axi_i2c_p-default.tcl'
16:52:28 INFO  : Disconnected from the channel tcfchan#31.
16:52:29 INFO  : Connected to target on host '127.0.0.1' and port '3121'.
16:52:29 INFO  : Jtag cable 'Digilent Basys3 210183B81A3DA' is selected.
16:52:29 INFO  : 'jtag frequency' command is executed.
16:52:29 INFO  : 'targets -set -filter {jtag_cable_name =~ "Digilent Basys3 210183B81A3DA" && level==0 && jtag_device_ctx=="jsn-Basys3-210183B81A3DA-0362d093-0"}' command is executed.
16:52:30 INFO  : Device configured successfully with "D:/vivado_first/2026_Project_AXI_I2C/vitis_workspace/AXI_I2C_p/_ide/bitstream/design_1_wrapper.bit"
16:52:30 INFO  : Context for processor 'microblaze_0' is selected.
16:52:30 INFO  : Hardware design and registers information is loaded from 'D:/vivado_first/2026_Project_AXI_I2C/vitis_workspace/design_1_wrapper/export/design_1_wrapper/hw/design_1_wrapper.xsa'.
16:52:30 INFO  : 'configparams mdm-detect-bscan-mask 2' command is executed.
16:52:30 INFO  : Context for processor 'microblaze_0' is selected.
16:52:30 INFO  : System reset is completed.
16:52:33 INFO  : 'after 3000' command is executed.
16:52:33 INFO  : Context for processor 'microblaze_0' is selected.
16:52:33 INFO  : The application 'D:/vivado_first/2026_Project_AXI_I2C/vitis_workspace/AXI_I2C_p/Debug/AXI_I2C_p.elf' is downloaded to processor 'microblaze_0'.
16:52:33 INFO  : ----------------XSDB Script----------------
connect -url tcp:127.0.0.1:3121
targets -set -filter {jtag_cable_name =~ "Digilent Basys3 210183B81A3DA" && level==0 && jtag_device_ctx=="jsn-Basys3-210183B81A3DA-0362d093-0"}
fpga -file D:/vivado_first/2026_Project_AXI_I2C/vitis_workspace/AXI_I2C_p/_ide/bitstream/design_1_wrapper.bit
targets -set -nocase -filter {name =~ "*microblaze*#0" && bscan=="USER2" }
loadhw -hw D:/vivado_first/2026_Project_AXI_I2C/vitis_workspace/design_1_wrapper/export/design_1_wrapper/hw/design_1_wrapper.xsa -regs
configparams mdm-detect-bscan-mask 2
targets -set -nocase -filter {name =~ "*microblaze*#0" && bscan=="USER2" }
rst -system
after 3000
targets -set -nocase -filter {name =~ "*microblaze*#0" && bscan=="USER2" }
dow D:/vivado_first/2026_Project_AXI_I2C/vitis_workspace/AXI_I2C_p/Debug/AXI_I2C_p.elf
----------------End of Script----------------

16:52:33 INFO  : Context for processor 'microblaze_0' is selected.
16:52:33 INFO  : 'con' command is executed.
16:52:33 INFO  : ----------------XSDB Script (After Launch)----------------
targets -set -nocase -filter {name =~ "*microblaze*#0" && bscan=="USER2" }
con
----------------End of Script----------------

16:52:33 INFO  : Launch script is exported to file 'D:\vivado_first\2026_Project_AXI_I2C\vitis_workspace\AXI_I2C_p_system\_ide\scripts\debugger_axi_i2c_p-default.tcl'
17:04:23 INFO  : Disconnected from the channel tcfchan#32.
17:08:24 INFO  : Launching XSCT server: xsct.bat -n  -interactive D:\vivado_first\2026_Project_AXI_I2C\vitis_workspace\temp_xsdb_launch_script.tcl
17:08:28 INFO  : XSCT server has started successfully.
17:08:28 INFO  : Successfully done setting XSCT server connection channel  
17:08:28 INFO  : plnx-install-location is set to ''
17:08:28 INFO  : Successfully done setting workspace for the tool. 
17:08:30 INFO  : Platform repository initialization has completed.
17:08:31 INFO  : Registering command handlers for Vitis TCF services
17:08:35 INFO  : Successfully done query RDI_DATADIR 
17:15:53 INFO  : Checking for BSP changes to sync application flags for project 'AXI_I2C_p'...
17:16:11 INFO  : Connected to target on host '127.0.0.1' and port '3121'.
17:16:12 INFO  : Jtag cable 'Digilent Basys3 210183B81A3DA' is selected.
17:16:12 INFO  : 'jtag frequency' command is executed.
17:16:12 INFO  : 'targets -set -filter {jtag_cable_name =~ "Digilent Basys3 210183B81A3DA" && level==0 && jtag_device_ctx=="jsn-Basys3-210183B81A3DA-0362d093-0"}' command is executed.
17:16:13 INFO  : Device configured successfully with "D:/vivado_first/2026_Project_AXI_I2C/vitis_workspace/AXI_I2C_p/_ide/bitstream/design_1_wrapper.bit"
17:16:13 INFO  : Context for processor 'microblaze_0' is selected.
17:16:13 INFO  : Hardware design and registers information is loaded from 'D:/vivado_first/2026_Project_AXI_I2C/vitis_workspace/design_1_wrapper/export/design_1_wrapper/hw/design_1_wrapper.xsa'.
17:16:13 INFO  : 'configparams mdm-detect-bscan-mask 2' command is executed.
17:16:13 INFO  : Context for processor 'microblaze_0' is selected.
17:16:13 INFO  : System reset is completed.
17:16:16 INFO  : 'after 3000' command is executed.
17:16:16 INFO  : Context for processor 'microblaze_0' is selected.
17:16:16 INFO  : The application 'D:/vivado_first/2026_Project_AXI_I2C/vitis_workspace/AXI_I2C_p/Debug/AXI_I2C_p.elf' is downloaded to processor 'microblaze_0'.
17:16:16 INFO  : ----------------XSDB Script----------------
connect -url tcp:127.0.0.1:3121
targets -set -filter {jtag_cable_name =~ "Digilent Basys3 210183B81A3DA" && level==0 && jtag_device_ctx=="jsn-Basys3-210183B81A3DA-0362d093-0"}
fpga -file D:/vivado_first/2026_Project_AXI_I2C/vitis_workspace/AXI_I2C_p/_ide/bitstream/design_1_wrapper.bit
targets -set -nocase -filter {name =~ "*microblaze*#0" && bscan=="USER2" }
loadhw -hw D:/vivado_first/2026_Project_AXI_I2C/vitis_workspace/design_1_wrapper/export/design_1_wrapper/hw/design_1_wrapper.xsa -regs
configparams mdm-detect-bscan-mask 2
targets -set -nocase -filter {name =~ "*microblaze*#0" && bscan=="USER2" }
rst -system
after 3000
targets -set -nocase -filter {name =~ "*microblaze*#0" && bscan=="USER2" }
dow D:/vivado_first/2026_Project_AXI_I2C/vitis_workspace/AXI_I2C_p/Debug/AXI_I2C_p.elf
----------------End of Script----------------

17:16:16 INFO  : Context for processor 'microblaze_0' is selected.
17:16:16 INFO  : 'con' command is executed.
17:16:16 INFO  : ----------------XSDB Script (After Launch)----------------
targets -set -nocase -filter {name =~ "*microblaze*#0" && bscan=="USER2" }
con
----------------End of Script----------------

17:16:16 INFO  : Launch script is exported to file 'D:\vivado_first\2026_Project_AXI_I2C\vitis_workspace\AXI_I2C_p_system\_ide\scripts\debugger_axi_i2c_p-default.tcl'
17:20:12 INFO  : Checking for BSP changes to sync application flags for project 'AXI_I2C_p'...
17:20:25 INFO  : Checking for BSP changes to sync application flags for project 'AXI_I2C_p'...
17:20:30 INFO  : Disconnected from the channel tcfchan#1.
17:20:31 INFO  : Connected to target on host '127.0.0.1' and port '3121'.
17:20:37 INFO  : Jtag cable 'Digilent Basys3 210183B81A3DA' is selected.
17:20:37 INFO  : 'jtag frequency' command is executed.
17:20:37 INFO  : 'targets -set -filter {jtag_cable_name =~ "Digilent Basys3 210183B81A3DA" && level==0 && jtag_device_ctx=="jsn-Basys3-210183B81A3DA-0362d093-0"}' command is executed.
17:20:38 INFO  : Device configured successfully with "D:/vivado_first/2026_Project_AXI_I2C/vitis_workspace/AXI_I2C_p/_ide/bitstream/design_1_wrapper.bit"
17:20:38 INFO  : Context for processor 'microblaze_0' is selected.
17:20:38 INFO  : Hardware design and registers information is loaded from 'D:/vivado_first/2026_Project_AXI_I2C/vitis_workspace/design_1_wrapper/export/design_1_wrapper/hw/design_1_wrapper.xsa'.
17:20:38 INFO  : 'configparams mdm-detect-bscan-mask 2' command is executed.
17:20:38 INFO  : Context for processor 'microblaze_0' is selected.
17:20:38 INFO  : System reset is completed.
17:20:41 INFO  : 'after 3000' command is executed.
17:20:41 INFO  : Context for processor 'microblaze_0' is selected.
17:20:41 INFO  : The application 'D:/vivado_first/2026_Project_AXI_I2C/vitis_workspace/AXI_I2C_p/Debug/AXI_I2C_p.elf' is downloaded to processor 'microblaze_0'.
17:20:41 INFO  : ----------------XSDB Script----------------
connect -url tcp:127.0.0.1:3121
targets -set -filter {jtag_cable_name =~ "Digilent Basys3 210183B81A3DA" && level==0 && jtag_device_ctx=="jsn-Basys3-210183B81A3DA-0362d093-0"}
fpga -file D:/vivado_first/2026_Project_AXI_I2C/vitis_workspace/AXI_I2C_p/_ide/bitstream/design_1_wrapper.bit
targets -set -nocase -filter {name =~ "*microblaze*#0" && bscan=="USER2" }
loadhw -hw D:/vivado_first/2026_Project_AXI_I2C/vitis_workspace/design_1_wrapper/export/design_1_wrapper/hw/design_1_wrapper.xsa -regs
configparams mdm-detect-bscan-mask 2
targets -set -nocase -filter {name =~ "*microblaze*#0" && bscan=="USER2" }
rst -system
after 3000
targets -set -nocase -filter {name =~ "*microblaze*#0" && bscan=="USER2" }
dow D:/vivado_first/2026_Project_AXI_I2C/vitis_workspace/AXI_I2C_p/Debug/AXI_I2C_p.elf
----------------End of Script----------------

17:20:41 INFO  : Context for processor 'microblaze_0' is selected.
17:20:41 INFO  : 'con' command is executed.
17:20:41 INFO  : ----------------XSDB Script (After Launch)----------------
targets -set -nocase -filter {name =~ "*microblaze*#0" && bscan=="USER2" }
con
----------------End of Script----------------

17:20:41 INFO  : Launch script is exported to file 'D:\vivado_first\2026_Project_AXI_I2C\vitis_workspace\AXI_I2C_p_system\_ide\scripts\debugger_axi_i2c_p-default.tcl'
17:21:14 INFO  : Disconnected from the channel tcfchan#2.
17:21:15 INFO  : Connected to target on host '127.0.0.1' and port '3121'.
17:21:15 INFO  : Jtag cable 'Digilent Basys3 210183B81A3DA' is selected.
17:21:15 INFO  : 'jtag frequency' command is executed.
17:21:15 INFO  : 'targets -set -filter {jtag_cable_name =~ "Digilent Basys3 210183B81A3DA" && level==0 && jtag_device_ctx=="jsn-Basys3-210183B81A3DA-0362d093-0"}' command is executed.
17:21:15 INFO  : Device configured successfully with "D:/vivado_first/2026_Project_AXI_I2C/vitis_workspace/AXI_I2C_p/_ide/bitstream/design_1_wrapper.bit"
17:21:15 INFO  : Context for processor 'microblaze_0' is selected.
17:21:15 INFO  : Hardware design and registers information is loaded from 'D:/vivado_first/2026_Project_AXI_I2C/vitis_workspace/design_1_wrapper/export/design_1_wrapper/hw/design_1_wrapper.xsa'.
17:21:15 INFO  : 'configparams mdm-detect-bscan-mask 2' command is executed.
17:21:15 INFO  : Context for processor 'microblaze_0' is selected.
17:21:15 INFO  : System reset is completed.
17:21:18 INFO  : 'after 3000' command is executed.
17:21:18 INFO  : Context for processor 'microblaze_0' is selected.
17:21:18 INFO  : The application 'D:/vivado_first/2026_Project_AXI_I2C/vitis_workspace/AXI_I2C_p/Debug/AXI_I2C_p.elf' is downloaded to processor 'microblaze_0'.
17:21:18 INFO  : ----------------XSDB Script----------------
connect -url tcp:127.0.0.1:3121
targets -set -filter {jtag_cable_name =~ "Digilent Basys3 210183B81A3DA" && level==0 && jtag_device_ctx=="jsn-Basys3-210183B81A3DA-0362d093-0"}
fpga -file D:/vivado_first/2026_Project_AXI_I2C/vitis_workspace/AXI_I2C_p/_ide/bitstream/design_1_wrapper.bit
targets -set -nocase -filter {name =~ "*microblaze*#0" && bscan=="USER2" }
loadhw -hw D:/vivado_first/2026_Project_AXI_I2C/vitis_workspace/design_1_wrapper/export/design_1_wrapper/hw/design_1_wrapper.xsa -regs
configparams mdm-detect-bscan-mask 2
targets -set -nocase -filter {name =~ "*microblaze*#0" && bscan=="USER2" }
rst -system
after 3000
targets -set -nocase -filter {name =~ "*microblaze*#0" && bscan=="USER2" }
dow D:/vivado_first/2026_Project_AXI_I2C/vitis_workspace/AXI_I2C_p/Debug/AXI_I2C_p.elf
----------------End of Script----------------

17:21:18 INFO  : Context for processor 'microblaze_0' is selected.
17:21:19 INFO  : 'con' command is executed.
17:21:19 INFO  : ----------------XSDB Script (After Launch)----------------
targets -set -nocase -filter {name =~ "*microblaze*#0" && bscan=="USER2" }
con
----------------End of Script----------------

17:21:19 INFO  : Launch script is exported to file 'D:\vivado_first\2026_Project_AXI_I2C\vitis_workspace\AXI_I2C_p_system\_ide\scripts\debugger_axi_i2c_p-default.tcl'
17:21:36 INFO  : Disconnected from the channel tcfchan#3.
17:21:37 INFO  : Connected to target on host '127.0.0.1' and port '3121'.
17:21:38 INFO  : Jtag cable 'Digilent Basys3 210183B81A3DA' is selected.
17:21:38 INFO  : 'jtag frequency' command is executed.
17:21:38 INFO  : 'targets -set -filter {jtag_cable_name =~ "Digilent Basys3 210183B81A3DA" && level==0 && jtag_device_ctx=="jsn-Basys3-210183B81A3DA-0362d093-0"}' command is executed.
17:21:38 INFO  : Device configured successfully with "D:/vivado_first/2026_Project_AXI_I2C/vitis_workspace/AXI_I2C_p/_ide/bitstream/design_1_wrapper.bit"
17:21:38 INFO  : Context for processor 'microblaze_0' is selected.
17:21:38 INFO  : Hardware design and registers information is loaded from 'D:/vivado_first/2026_Project_AXI_I2C/vitis_workspace/design_1_wrapper/export/design_1_wrapper/hw/design_1_wrapper.xsa'.
17:21:38 INFO  : 'configparams mdm-detect-bscan-mask 2' command is executed.
17:21:38 INFO  : Context for processor 'microblaze_0' is selected.
17:21:38 INFO  : System reset is completed.
17:21:41 INFO  : 'after 3000' command is executed.
17:21:41 INFO  : Context for processor 'microblaze_0' is selected.
17:21:41 INFO  : The application 'D:/vivado_first/2026_Project_AXI_I2C/vitis_workspace/AXI_I2C_p/Debug/AXI_I2C_p.elf' is downloaded to processor 'microblaze_0'.
17:21:41 INFO  : ----------------XSDB Script----------------
connect -url tcp:127.0.0.1:3121
targets -set -filter {jtag_cable_name =~ "Digilent Basys3 210183B81A3DA" && level==0 && jtag_device_ctx=="jsn-Basys3-210183B81A3DA-0362d093-0"}
fpga -file D:/vivado_first/2026_Project_AXI_I2C/vitis_workspace/AXI_I2C_p/_ide/bitstream/design_1_wrapper.bit
targets -set -nocase -filter {name =~ "*microblaze*#0" && bscan=="USER2" }
loadhw -hw D:/vivado_first/2026_Project_AXI_I2C/vitis_workspace/design_1_wrapper/export/design_1_wrapper/hw/design_1_wrapper.xsa -regs
configparams mdm-detect-bscan-mask 2
targets -set -nocase -filter {name =~ "*microblaze*#0" && bscan=="USER2" }
rst -system
after 3000
targets -set -nocase -filter {name =~ "*microblaze*#0" && bscan=="USER2" }
dow D:/vivado_first/2026_Project_AXI_I2C/vitis_workspace/AXI_I2C_p/Debug/AXI_I2C_p.elf
----------------End of Script----------------

17:21:41 INFO  : Context for processor 'microblaze_0' is selected.
17:21:41 INFO  : 'con' command is executed.
17:21:41 INFO  : ----------------XSDB Script (After Launch)----------------
targets -set -nocase -filter {name =~ "*microblaze*#0" && bscan=="USER2" }
con
----------------End of Script----------------

17:21:41 INFO  : Launch script is exported to file 'D:\vivado_first\2026_Project_AXI_I2C\vitis_workspace\AXI_I2C_p_system\_ide\scripts\debugger_axi_i2c_p-default.tcl'
17:22:55 INFO  : Checking for BSP changes to sync application flags for project 'AXI_I2C_p'...
17:23:00 INFO  : Disconnected from the channel tcfchan#4.
17:23:01 INFO  : Connected to target on host '127.0.0.1' and port '3121'.
17:23:01 INFO  : Jtag cable 'Digilent Basys3 210183B81A3DA' is selected.
17:23:01 INFO  : 'jtag frequency' command is executed.
17:23:01 INFO  : 'targets -set -filter {jtag_cable_name =~ "Digilent Basys3 210183B81A3DA" && level==0 && jtag_device_ctx=="jsn-Basys3-210183B81A3DA-0362d093-0"}' command is executed.
17:23:01 INFO  : Device configured successfully with "D:/vivado_first/2026_Project_AXI_I2C/vitis_workspace/AXI_I2C_p/_ide/bitstream/design_1_wrapper.bit"
17:23:01 INFO  : Context for processor 'microblaze_0' is selected.
17:23:01 INFO  : Hardware design and registers information is loaded from 'D:/vivado_first/2026_Project_AXI_I2C/vitis_workspace/design_1_wrapper/export/design_1_wrapper/hw/design_1_wrapper.xsa'.
17:23:01 INFO  : 'configparams mdm-detect-bscan-mask 2' command is executed.
17:23:01 INFO  : Context for processor 'microblaze_0' is selected.
17:23:01 INFO  : System reset is completed.
17:23:04 INFO  : 'after 3000' command is executed.
17:23:04 INFO  : Context for processor 'microblaze_0' is selected.
17:23:05 INFO  : The application 'D:/vivado_first/2026_Project_AXI_I2C/vitis_workspace/AXI_I2C_p/Debug/AXI_I2C_p.elf' is downloaded to processor 'microblaze_0'.
17:23:05 INFO  : ----------------XSDB Script----------------
connect -url tcp:127.0.0.1:3121
targets -set -filter {jtag_cable_name =~ "Digilent Basys3 210183B81A3DA" && level==0 && jtag_device_ctx=="jsn-Basys3-210183B81A3DA-0362d093-0"}
fpga -file D:/vivado_first/2026_Project_AXI_I2C/vitis_workspace/AXI_I2C_p/_ide/bitstream/design_1_wrapper.bit
targets -set -nocase -filter {name =~ "*microblaze*#0" && bscan=="USER2" }
loadhw -hw D:/vivado_first/2026_Project_AXI_I2C/vitis_workspace/design_1_wrapper/export/design_1_wrapper/hw/design_1_wrapper.xsa -regs
configparams mdm-detect-bscan-mask 2
targets -set -nocase -filter {name =~ "*microblaze*#0" && bscan=="USER2" }
rst -system
after 3000
targets -set -nocase -filter {name =~ "*microblaze*#0" && bscan=="USER2" }
dow D:/vivado_first/2026_Project_AXI_I2C/vitis_workspace/AXI_I2C_p/Debug/AXI_I2C_p.elf
----------------End of Script----------------

17:23:05 INFO  : Context for processor 'microblaze_0' is selected.
17:23:05 INFO  : 'con' command is executed.
17:23:05 INFO  : ----------------XSDB Script (After Launch)----------------
targets -set -nocase -filter {name =~ "*microblaze*#0" && bscan=="USER2" }
con
----------------End of Script----------------

17:23:05 INFO  : Launch script is exported to file 'D:\vivado_first\2026_Project_AXI_I2C\vitis_workspace\AXI_I2C_p_system\_ide\scripts\debugger_axi_i2c_p-default.tcl'
17:26:14 INFO  : Checking for BSP changes to sync application flags for project 'AXI_I2C_p'...
17:26:19 INFO  : Disconnected from the channel tcfchan#5.
17:26:20 INFO  : Connected to target on host '127.0.0.1' and port '3121'.
17:26:20 INFO  : Jtag cable 'Digilent Basys3 210183B81A3DA' is selected.
17:26:20 INFO  : 'jtag frequency' command is executed.
17:26:20 INFO  : 'targets -set -filter {jtag_cable_name =~ "Digilent Basys3 210183B81A3DA" && level==0 && jtag_device_ctx=="jsn-Basys3-210183B81A3DA-0362d093-0"}' command is executed.
17:26:21 INFO  : Device configured successfully with "D:/vivado_first/2026_Project_AXI_I2C/vitis_workspace/AXI_I2C_p/_ide/bitstream/design_1_wrapper.bit"
17:26:21 INFO  : Context for processor 'microblaze_0' is selected.
17:26:21 INFO  : Hardware design and registers information is loaded from 'D:/vivado_first/2026_Project_AXI_I2C/vitis_workspace/design_1_wrapper/export/design_1_wrapper/hw/design_1_wrapper.xsa'.
17:26:21 INFO  : 'configparams mdm-detect-bscan-mask 2' command is executed.
17:26:21 INFO  : Context for processor 'microblaze_0' is selected.
17:26:21 INFO  : System reset is completed.
17:26:24 INFO  : 'after 3000' command is executed.
17:26:24 INFO  : Context for processor 'microblaze_0' is selected.
17:26:24 INFO  : The application 'D:/vivado_first/2026_Project_AXI_I2C/vitis_workspace/AXI_I2C_p/Debug/AXI_I2C_p.elf' is downloaded to processor 'microblaze_0'.
17:26:24 INFO  : ----------------XSDB Script----------------
connect -url tcp:127.0.0.1:3121
targets -set -filter {jtag_cable_name =~ "Digilent Basys3 210183B81A3DA" && level==0 && jtag_device_ctx=="jsn-Basys3-210183B81A3DA-0362d093-0"}
fpga -file D:/vivado_first/2026_Project_AXI_I2C/vitis_workspace/AXI_I2C_p/_ide/bitstream/design_1_wrapper.bit
targets -set -nocase -filter {name =~ "*microblaze*#0" && bscan=="USER2" }
loadhw -hw D:/vivado_first/2026_Project_AXI_I2C/vitis_workspace/design_1_wrapper/export/design_1_wrapper/hw/design_1_wrapper.xsa -regs
configparams mdm-detect-bscan-mask 2
targets -set -nocase -filter {name =~ "*microblaze*#0" && bscan=="USER2" }
rst -system
after 3000
targets -set -nocase -filter {name =~ "*microblaze*#0" && bscan=="USER2" }
dow D:/vivado_first/2026_Project_AXI_I2C/vitis_workspace/AXI_I2C_p/Debug/AXI_I2C_p.elf
----------------End of Script----------------

17:26:24 INFO  : Context for processor 'microblaze_0' is selected.
17:26:24 INFO  : 'con' command is executed.
17:26:24 INFO  : ----------------XSDB Script (After Launch)----------------
targets -set -nocase -filter {name =~ "*microblaze*#0" && bscan=="USER2" }
con
----------------End of Script----------------

17:26:24 INFO  : Launch script is exported to file 'D:\vivado_first\2026_Project_AXI_I2C\vitis_workspace\AXI_I2C_p_system\_ide\scripts\debugger_axi_i2c_p-default.tcl'
17:33:01 INFO  : Checking for BSP changes to sync application flags for project 'AXI_I2C_p'...
17:33:10 INFO  : Checking for BSP changes to sync application flags for project 'AXI_I2C_p'...
17:33:41 INFO  : Checking for BSP changes to sync application flags for project 'AXI_I2C_p'...
17:33:46 INFO  : Disconnected from the channel tcfchan#6.
17:33:47 INFO  : Connected to target on host '127.0.0.1' and port '3121'.
17:33:48 INFO  : Jtag cable 'Digilent Basys3 210183B81A3DA' is selected.
17:33:48 INFO  : 'jtag frequency' command is executed.
17:33:48 INFO  : 'targets -set -filter {jtag_cable_name =~ "Digilent Basys3 210183B81A3DA" && level==0 && jtag_device_ctx=="jsn-Basys3-210183B81A3DA-0362d093-0"}' command is executed.
17:33:48 INFO  : Device configured successfully with "D:/vivado_first/2026_Project_AXI_I2C/vitis_workspace/AXI_I2C_p/_ide/bitstream/design_1_wrapper.bit"
17:33:48 INFO  : Context for processor 'microblaze_0' is selected.
17:33:48 INFO  : Hardware design and registers information is loaded from 'D:/vivado_first/2026_Project_AXI_I2C/vitis_workspace/design_1_wrapper/export/design_1_wrapper/hw/design_1_wrapper.xsa'.
17:33:48 INFO  : 'configparams mdm-detect-bscan-mask 2' command is executed.
17:33:48 INFO  : Context for processor 'microblaze_0' is selected.
17:33:48 INFO  : System reset is completed.
17:33:51 INFO  : 'after 3000' command is executed.
17:33:51 INFO  : Context for processor 'microblaze_0' is selected.
17:33:51 INFO  : The application 'D:/vivado_first/2026_Project_AXI_I2C/vitis_workspace/AXI_I2C_p/Debug/AXI_I2C_p.elf' is downloaded to processor 'microblaze_0'.
17:33:51 INFO  : ----------------XSDB Script----------------
connect -url tcp:127.0.0.1:3121
targets -set -filter {jtag_cable_name =~ "Digilent Basys3 210183B81A3DA" && level==0 && jtag_device_ctx=="jsn-Basys3-210183B81A3DA-0362d093-0"}
fpga -file D:/vivado_first/2026_Project_AXI_I2C/vitis_workspace/AXI_I2C_p/_ide/bitstream/design_1_wrapper.bit
targets -set -nocase -filter {name =~ "*microblaze*#0" && bscan=="USER2" }
loadhw -hw D:/vivado_first/2026_Project_AXI_I2C/vitis_workspace/design_1_wrapper/export/design_1_wrapper/hw/design_1_wrapper.xsa -regs
configparams mdm-detect-bscan-mask 2
targets -set -nocase -filter {name =~ "*microblaze*#0" && bscan=="USER2" }
rst -system
after 3000
targets -set -nocase -filter {name =~ "*microblaze*#0" && bscan=="USER2" }
dow D:/vivado_first/2026_Project_AXI_I2C/vitis_workspace/AXI_I2C_p/Debug/AXI_I2C_p.elf
----------------End of Script----------------

17:33:51 INFO  : Context for processor 'microblaze_0' is selected.
17:33:51 INFO  : 'con' command is executed.
17:33:51 INFO  : ----------------XSDB Script (After Launch)----------------
targets -set -nocase -filter {name =~ "*microblaze*#0" && bscan=="USER2" }
con
----------------End of Script----------------

17:33:51 INFO  : Launch script is exported to file 'D:\vivado_first\2026_Project_AXI_I2C\vitis_workspace\AXI_I2C_p_system\_ide\scripts\debugger_axi_i2c_p-default.tcl'
17:34:38 INFO  : Checking for BSP changes to sync application flags for project 'AXI_I2C_p'...
17:34:44 INFO  : Disconnected from the channel tcfchan#7.
17:34:45 INFO  : Connected to target on host '127.0.0.1' and port '3121'.
17:34:45 INFO  : Jtag cable 'Digilent Basys3 210183B81A3DA' is selected.
17:34:45 INFO  : 'jtag frequency' command is executed.
17:34:45 INFO  : 'targets -set -filter {jtag_cable_name =~ "Digilent Basys3 210183B81A3DA" && level==0 && jtag_device_ctx=="jsn-Basys3-210183B81A3DA-0362d093-0"}' command is executed.
17:34:46 INFO  : Device configured successfully with "D:/vivado_first/2026_Project_AXI_I2C/vitis_workspace/AXI_I2C_p/_ide/bitstream/design_1_wrapper.bit"
17:34:46 INFO  : Context for processor 'microblaze_0' is selected.
17:34:46 INFO  : Hardware design and registers information is loaded from 'D:/vivado_first/2026_Project_AXI_I2C/vitis_workspace/design_1_wrapper/export/design_1_wrapper/hw/design_1_wrapper.xsa'.
17:34:46 INFO  : 'configparams mdm-detect-bscan-mask 2' command is executed.
17:34:46 INFO  : Context for processor 'microblaze_0' is selected.
17:34:46 INFO  : System reset is completed.
17:34:49 INFO  : 'after 3000' command is executed.
17:34:49 INFO  : Context for processor 'microblaze_0' is selected.
17:34:49 INFO  : The application 'D:/vivado_first/2026_Project_AXI_I2C/vitis_workspace/AXI_I2C_p/Debug/AXI_I2C_p.elf' is downloaded to processor 'microblaze_0'.
17:34:49 INFO  : ----------------XSDB Script----------------
connect -url tcp:127.0.0.1:3121
targets -set -filter {jtag_cable_name =~ "Digilent Basys3 210183B81A3DA" && level==0 && jtag_device_ctx=="jsn-Basys3-210183B81A3DA-0362d093-0"}
fpga -file D:/vivado_first/2026_Project_AXI_I2C/vitis_workspace/AXI_I2C_p/_ide/bitstream/design_1_wrapper.bit
targets -set -nocase -filter {name =~ "*microblaze*#0" && bscan=="USER2" }
loadhw -hw D:/vivado_first/2026_Project_AXI_I2C/vitis_workspace/design_1_wrapper/export/design_1_wrapper/hw/design_1_wrapper.xsa -regs
configparams mdm-detect-bscan-mask 2
targets -set -nocase -filter {name =~ "*microblaze*#0" && bscan=="USER2" }
rst -system
after 3000
targets -set -nocase -filter {name =~ "*microblaze*#0" && bscan=="USER2" }
dow D:/vivado_first/2026_Project_AXI_I2C/vitis_workspace/AXI_I2C_p/Debug/AXI_I2C_p.elf
----------------End of Script----------------

17:34:49 INFO  : Context for processor 'microblaze_0' is selected.
17:34:49 INFO  : 'con' command is executed.
17:34:49 INFO  : ----------------XSDB Script (After Launch)----------------
targets -set -nocase -filter {name =~ "*microblaze*#0" && bscan=="USER2" }
con
----------------End of Script----------------

17:34:49 INFO  : Launch script is exported to file 'D:\vivado_first\2026_Project_AXI_I2C\vitis_workspace\AXI_I2C_p_system\_ide\scripts\debugger_axi_i2c_p-default.tcl'
17:35:17 INFO  : Disconnected from the channel tcfchan#8.
17:35:18 INFO  : Connected to target on host '127.0.0.1' and port '3121'.
17:35:18 INFO  : Jtag cable 'Digilent Basys3 210183B81A3DA' is selected.
17:35:18 INFO  : 'jtag frequency' command is executed.
17:35:18 INFO  : 'targets -set -filter {jtag_cable_name =~ "Digilent Basys3 210183B81A3DA" && level==0 && jtag_device_ctx=="jsn-Basys3-210183B81A3DA-0362d093-0"}' command is executed.
17:35:18 INFO  : Device configured successfully with "D:/vivado_first/2026_Project_AXI_I2C/vitis_workspace/AXI_I2C_p/_ide/bitstream/design_1_wrapper.bit"
17:35:18 INFO  : Context for processor 'microblaze_0' is selected.
17:35:18 INFO  : Hardware design and registers information is loaded from 'D:/vivado_first/2026_Project_AXI_I2C/vitis_workspace/design_1_wrapper/export/design_1_wrapper/hw/design_1_wrapper.xsa'.
17:35:18 INFO  : 'configparams mdm-detect-bscan-mask 2' command is executed.
17:35:18 INFO  : Context for processor 'microblaze_0' is selected.
17:35:18 INFO  : System reset is completed.
17:35:21 INFO  : 'after 3000' command is executed.
17:35:21 INFO  : Context for processor 'microblaze_0' is selected.
17:35:21 INFO  : The application 'D:/vivado_first/2026_Project_AXI_I2C/vitis_workspace/AXI_I2C_p/Debug/AXI_I2C_p.elf' is downloaded to processor 'microblaze_0'.
17:35:21 INFO  : ----------------XSDB Script----------------
connect -url tcp:127.0.0.1:3121
targets -set -filter {jtag_cable_name =~ "Digilent Basys3 210183B81A3DA" && level==0 && jtag_device_ctx=="jsn-Basys3-210183B81A3DA-0362d093-0"}
fpga -file D:/vivado_first/2026_Project_AXI_I2C/vitis_workspace/AXI_I2C_p/_ide/bitstream/design_1_wrapper.bit
targets -set -nocase -filter {name =~ "*microblaze*#0" && bscan=="USER2" }
loadhw -hw D:/vivado_first/2026_Project_AXI_I2C/vitis_workspace/design_1_wrapper/export/design_1_wrapper/hw/design_1_wrapper.xsa -regs
configparams mdm-detect-bscan-mask 2
targets -set -nocase -filter {name =~ "*microblaze*#0" && bscan=="USER2" }
rst -system
after 3000
targets -set -nocase -filter {name =~ "*microblaze*#0" && bscan=="USER2" }
dow D:/vivado_first/2026_Project_AXI_I2C/vitis_workspace/AXI_I2C_p/Debug/AXI_I2C_p.elf
----------------End of Script----------------

17:35:21 INFO  : Context for processor 'microblaze_0' is selected.
17:35:22 INFO  : 'con' command is executed.
17:35:22 INFO  : ----------------XSDB Script (After Launch)----------------
targets -set -nocase -filter {name =~ "*microblaze*#0" && bscan=="USER2" }
con
----------------End of Script----------------

17:35:22 INFO  : Launch script is exported to file 'D:\vivado_first\2026_Project_AXI_I2C\vitis_workspace\AXI_I2C_p_system\_ide\scripts\debugger_axi_i2c_p-default.tcl'
17:42:36 INFO  : Checking for BSP changes to sync application flags for project 'AXI_I2C_p'...
17:42:47 INFO  : Checking for BSP changes to sync application flags for project 'AXI_I2C_p'...
17:42:52 INFO  : Disconnected from the channel tcfchan#9.
17:42:53 INFO  : Connected to target on host '127.0.0.1' and port '3121'.
17:42:53 INFO  : Jtag cable 'Digilent Basys3 210183B81A3DA' is selected.
17:42:53 INFO  : 'jtag frequency' command is executed.
17:42:53 INFO  : 'targets -set -filter {jtag_cable_name =~ "Digilent Basys3 210183B81A3DA" && level==0 && jtag_device_ctx=="jsn-Basys3-210183B81A3DA-0362d093-0"}' command is executed.
17:42:54 INFO  : Device configured successfully with "D:/vivado_first/2026_Project_AXI_I2C/vitis_workspace/AXI_I2C_p/_ide/bitstream/design_1_wrapper.bit"
17:42:54 INFO  : Context for processor 'microblaze_0' is selected.
17:42:54 INFO  : Hardware design and registers information is loaded from 'D:/vivado_first/2026_Project_AXI_I2C/vitis_workspace/design_1_wrapper/export/design_1_wrapper/hw/design_1_wrapper.xsa'.
17:42:54 INFO  : 'configparams mdm-detect-bscan-mask 2' command is executed.
17:42:54 INFO  : Context for processor 'microblaze_0' is selected.
17:42:54 INFO  : System reset is completed.
17:42:57 INFO  : 'after 3000' command is executed.
17:42:57 INFO  : Context for processor 'microblaze_0' is selected.
17:42:57 INFO  : The application 'D:/vivado_first/2026_Project_AXI_I2C/vitis_workspace/AXI_I2C_p/Debug/AXI_I2C_p.elf' is downloaded to processor 'microblaze_0'.
17:42:57 INFO  : ----------------XSDB Script----------------
connect -url tcp:127.0.0.1:3121
targets -set -filter {jtag_cable_name =~ "Digilent Basys3 210183B81A3DA" && level==0 && jtag_device_ctx=="jsn-Basys3-210183B81A3DA-0362d093-0"}
fpga -file D:/vivado_first/2026_Project_AXI_I2C/vitis_workspace/AXI_I2C_p/_ide/bitstream/design_1_wrapper.bit
targets -set -nocase -filter {name =~ "*microblaze*#0" && bscan=="USER2" }
loadhw -hw D:/vivado_first/2026_Project_AXI_I2C/vitis_workspace/design_1_wrapper/export/design_1_wrapper/hw/design_1_wrapper.xsa -regs
configparams mdm-detect-bscan-mask 2
targets -set -nocase -filter {name =~ "*microblaze*#0" && bscan=="USER2" }
rst -system
after 3000
targets -set -nocase -filter {name =~ "*microblaze*#0" && bscan=="USER2" }
dow D:/vivado_first/2026_Project_AXI_I2C/vitis_workspace/AXI_I2C_p/Debug/AXI_I2C_p.elf
----------------End of Script----------------

17:42:57 INFO  : Context for processor 'microblaze_0' is selected.
17:42:57 INFO  : 'con' command is executed.
17:42:57 INFO  : ----------------XSDB Script (After Launch)----------------
targets -set -nocase -filter {name =~ "*microblaze*#0" && bscan=="USER2" }
con
----------------End of Script----------------

17:42:57 INFO  : Launch script is exported to file 'D:\vivado_first\2026_Project_AXI_I2C\vitis_workspace\AXI_I2C_p_system\_ide\scripts\debugger_axi_i2c_p-default.tcl'
17:43:21 INFO  : Disconnected from the channel tcfchan#10.
17:43:22 INFO  : Connected to target on host '127.0.0.1' and port '3121'.
17:43:23 INFO  : Jtag cable 'Digilent Basys3 210183B81A3DA' is selected.
17:43:23 INFO  : 'jtag frequency' command is executed.
17:43:23 INFO  : 'targets -set -filter {jtag_cable_name =~ "Digilent Basys3 210183B81A3DA" && level==0 && jtag_device_ctx=="jsn-Basys3-210183B81A3DA-0362d093-0"}' command is executed.
17:43:23 INFO  : Device configured successfully with "D:/vivado_first/2026_Project_AXI_I2C/vitis_workspace/AXI_I2C_p/_ide/bitstream/design_1_wrapper.bit"
17:43:23 INFO  : Context for processor 'microblaze_0' is selected.
17:43:23 INFO  : Hardware design and registers information is loaded from 'D:/vivado_first/2026_Project_AXI_I2C/vitis_workspace/design_1_wrapper/export/design_1_wrapper/hw/design_1_wrapper.xsa'.
17:43:23 INFO  : 'configparams mdm-detect-bscan-mask 2' command is executed.
17:43:23 INFO  : Context for processor 'microblaze_0' is selected.
17:43:23 INFO  : System reset is completed.
17:43:26 INFO  : 'after 3000' command is executed.
17:43:26 INFO  : Context for processor 'microblaze_0' is selected.
17:43:26 INFO  : The application 'D:/vivado_first/2026_Project_AXI_I2C/vitis_workspace/AXI_I2C_p/Debug/AXI_I2C_p.elf' is downloaded to processor 'microblaze_0'.
17:43:26 INFO  : ----------------XSDB Script----------------
connect -url tcp:127.0.0.1:3121
targets -set -filter {jtag_cable_name =~ "Digilent Basys3 210183B81A3DA" && level==0 && jtag_device_ctx=="jsn-Basys3-210183B81A3DA-0362d093-0"}
fpga -file D:/vivado_first/2026_Project_AXI_I2C/vitis_workspace/AXI_I2C_p/_ide/bitstream/design_1_wrapper.bit
targets -set -nocase -filter {name =~ "*microblaze*#0" && bscan=="USER2" }
loadhw -hw D:/vivado_first/2026_Project_AXI_I2C/vitis_workspace/design_1_wrapper/export/design_1_wrapper/hw/design_1_wrapper.xsa -regs
configparams mdm-detect-bscan-mask 2
targets -set -nocase -filter {name =~ "*microblaze*#0" && bscan=="USER2" }
rst -system
after 3000
targets -set -nocase -filter {name =~ "*microblaze*#0" && bscan=="USER2" }
dow D:/vivado_first/2026_Project_AXI_I2C/vitis_workspace/AXI_I2C_p/Debug/AXI_I2C_p.elf
----------------End of Script----------------

17:43:26 INFO  : Context for processor 'microblaze_0' is selected.
17:43:26 INFO  : 'con' command is executed.
17:43:26 INFO  : ----------------XSDB Script (After Launch)----------------
targets -set -nocase -filter {name =~ "*microblaze*#0" && bscan=="USER2" }
con
----------------End of Script----------------

17:43:26 INFO  : Launch script is exported to file 'D:\vivado_first\2026_Project_AXI_I2C\vitis_workspace\AXI_I2C_p_system\_ide\scripts\debugger_axi_i2c_p-default.tcl'
17:46:16 INFO  : Checking for BSP changes to sync application flags for project 'AXI_I2C_p'...
17:46:21 INFO  : Disconnected from the channel tcfchan#11.
17:46:22 INFO  : Connected to target on host '127.0.0.1' and port '3121'.
17:46:22 INFO  : Jtag cable 'Digilent Basys3 210183B81A3DA' is selected.
17:46:22 INFO  : 'jtag frequency' command is executed.
17:46:22 INFO  : 'targets -set -filter {jtag_cable_name =~ "Digilent Basys3 210183B81A3DA" && level==0 && jtag_device_ctx=="jsn-Basys3-210183B81A3DA-0362d093-0"}' command is executed.
17:46:23 INFO  : Device configured successfully with "D:/vivado_first/2026_Project_AXI_I2C/vitis_workspace/AXI_I2C_p/_ide/bitstream/design_1_wrapper.bit"
17:46:23 INFO  : Context for processor 'microblaze_0' is selected.
17:46:23 INFO  : Hardware design and registers information is loaded from 'D:/vivado_first/2026_Project_AXI_I2C/vitis_workspace/design_1_wrapper/export/design_1_wrapper/hw/design_1_wrapper.xsa'.
17:46:23 INFO  : 'configparams mdm-detect-bscan-mask 2' command is executed.
17:46:23 INFO  : Context for processor 'microblaze_0' is selected.
17:46:23 INFO  : System reset is completed.
17:46:26 INFO  : 'after 3000' command is executed.
17:46:26 INFO  : Context for processor 'microblaze_0' is selected.
17:46:26 INFO  : The application 'D:/vivado_first/2026_Project_AXI_I2C/vitis_workspace/AXI_I2C_p/Debug/AXI_I2C_p.elf' is downloaded to processor 'microblaze_0'.
17:46:26 INFO  : ----------------XSDB Script----------------
connect -url tcp:127.0.0.1:3121
targets -set -filter {jtag_cable_name =~ "Digilent Basys3 210183B81A3DA" && level==0 && jtag_device_ctx=="jsn-Basys3-210183B81A3DA-0362d093-0"}
fpga -file D:/vivado_first/2026_Project_AXI_I2C/vitis_workspace/AXI_I2C_p/_ide/bitstream/design_1_wrapper.bit
targets -set -nocase -filter {name =~ "*microblaze*#0" && bscan=="USER2" }
loadhw -hw D:/vivado_first/2026_Project_AXI_I2C/vitis_workspace/design_1_wrapper/export/design_1_wrapper/hw/design_1_wrapper.xsa -regs
configparams mdm-detect-bscan-mask 2
targets -set -nocase -filter {name =~ "*microblaze*#0" && bscan=="USER2" }
rst -system
after 3000
targets -set -nocase -filter {name =~ "*microblaze*#0" && bscan=="USER2" }
dow D:/vivado_first/2026_Project_AXI_I2C/vitis_workspace/AXI_I2C_p/Debug/AXI_I2C_p.elf
----------------End of Script----------------

17:46:26 INFO  : Context for processor 'microblaze_0' is selected.
17:46:26 INFO  : 'con' command is executed.
17:46:26 INFO  : ----------------XSDB Script (After Launch)----------------
targets -set -nocase -filter {name =~ "*microblaze*#0" && bscan=="USER2" }
con
----------------End of Script----------------

17:46:26 INFO  : Launch script is exported to file 'D:\vivado_first\2026_Project_AXI_I2C\vitis_workspace\AXI_I2C_p_system\_ide\scripts\debugger_axi_i2c_p-default.tcl'
17:47:40 INFO  : Checking for BSP changes to sync application flags for project 'AXI_I2C_p'...
17:47:49 INFO  : Disconnected from the channel tcfchan#12.
17:47:50 INFO  : Connected to target on host '127.0.0.1' and port '3121'.
17:47:50 INFO  : Jtag cable 'Digilent Basys3 210183B81A3DA' is selected.
17:47:50 INFO  : 'jtag frequency' command is executed.
17:47:50 INFO  : 'targets -set -filter {jtag_cable_name =~ "Digilent Basys3 210183B81A3DA" && level==0 && jtag_device_ctx=="jsn-Basys3-210183B81A3DA-0362d093-0"}' command is executed.
17:47:50 INFO  : Device configured successfully with "D:/vivado_first/2026_Project_AXI_I2C/vitis_workspace/AXI_I2C_p/_ide/bitstream/design_1_wrapper.bit"
17:47:50 INFO  : Context for processor 'microblaze_0' is selected.
17:47:50 INFO  : Hardware design and registers information is loaded from 'D:/vivado_first/2026_Project_AXI_I2C/vitis_workspace/design_1_wrapper/export/design_1_wrapper/hw/design_1_wrapper.xsa'.
17:47:50 INFO  : 'configparams mdm-detect-bscan-mask 2' command is executed.
17:47:50 INFO  : Context for processor 'microblaze_0' is selected.
17:47:50 INFO  : System reset is completed.
17:47:53 INFO  : 'after 3000' command is executed.
17:47:53 INFO  : Context for processor 'microblaze_0' is selected.
17:47:53 INFO  : The application 'D:/vivado_first/2026_Project_AXI_I2C/vitis_workspace/AXI_I2C_p/Debug/AXI_I2C_p.elf' is downloaded to processor 'microblaze_0'.
17:47:53 INFO  : ----------------XSDB Script----------------
connect -url tcp:127.0.0.1:3121
targets -set -filter {jtag_cable_name =~ "Digilent Basys3 210183B81A3DA" && level==0 && jtag_device_ctx=="jsn-Basys3-210183B81A3DA-0362d093-0"}
fpga -file D:/vivado_first/2026_Project_AXI_I2C/vitis_workspace/AXI_I2C_p/_ide/bitstream/design_1_wrapper.bit
targets -set -nocase -filter {name =~ "*microblaze*#0" && bscan=="USER2" }
loadhw -hw D:/vivado_first/2026_Project_AXI_I2C/vitis_workspace/design_1_wrapper/export/design_1_wrapper/hw/design_1_wrapper.xsa -regs
configparams mdm-detect-bscan-mask 2
targets -set -nocase -filter {name =~ "*microblaze*#0" && bscan=="USER2" }
rst -system
after 3000
targets -set -nocase -filter {name =~ "*microblaze*#0" && bscan=="USER2" }
dow D:/vivado_first/2026_Project_AXI_I2C/vitis_workspace/AXI_I2C_p/Debug/AXI_I2C_p.elf
----------------End of Script----------------

17:47:53 INFO  : Context for processor 'microblaze_0' is selected.
17:47:54 INFO  : 'con' command is executed.
17:47:54 INFO  : ----------------XSDB Script (After Launch)----------------
targets -set -nocase -filter {name =~ "*microblaze*#0" && bscan=="USER2" }
con
----------------End of Script----------------

17:47:54 INFO  : Launch script is exported to file 'D:\vivado_first\2026_Project_AXI_I2C\vitis_workspace\AXI_I2C_p_system\_ide\scripts\debugger_axi_i2c_p-default.tcl'
17:49:34 INFO  : Checking for BSP changes to sync application flags for project 'AXI_I2C_p'...
17:49:39 INFO  : Disconnected from the channel tcfchan#13.
17:49:40 INFO  : Connected to target on host '127.0.0.1' and port '3121'.
17:49:40 INFO  : Jtag cable 'Digilent Basys3 210183B81A3DA' is selected.
17:49:40 INFO  : 'jtag frequency' command is executed.
17:49:40 INFO  : 'targets -set -filter {jtag_cable_name =~ "Digilent Basys3 210183B81A3DA" && level==0 && jtag_device_ctx=="jsn-Basys3-210183B81A3DA-0362d093-0"}' command is executed.
17:49:41 INFO  : Device configured successfully with "D:/vivado_first/2026_Project_AXI_I2C/vitis_workspace/AXI_I2C_p/_ide/bitstream/design_1_wrapper.bit"
17:49:41 INFO  : Context for processor 'microblaze_0' is selected.
17:49:41 INFO  : Hardware design and registers information is loaded from 'D:/vivado_first/2026_Project_AXI_I2C/vitis_workspace/design_1_wrapper/export/design_1_wrapper/hw/design_1_wrapper.xsa'.
17:49:41 INFO  : 'configparams mdm-detect-bscan-mask 2' command is executed.
17:49:41 INFO  : Context for processor 'microblaze_0' is selected.
17:49:41 INFO  : System reset is completed.
17:49:44 INFO  : 'after 3000' command is executed.
17:49:44 INFO  : Context for processor 'microblaze_0' is selected.
17:49:44 INFO  : The application 'D:/vivado_first/2026_Project_AXI_I2C/vitis_workspace/AXI_I2C_p/Debug/AXI_I2C_p.elf' is downloaded to processor 'microblaze_0'.
17:49:44 INFO  : ----------------XSDB Script----------------
connect -url tcp:127.0.0.1:3121
targets -set -filter {jtag_cable_name =~ "Digilent Basys3 210183B81A3DA" && level==0 && jtag_device_ctx=="jsn-Basys3-210183B81A3DA-0362d093-0"}
fpga -file D:/vivado_first/2026_Project_AXI_I2C/vitis_workspace/AXI_I2C_p/_ide/bitstream/design_1_wrapper.bit
targets -set -nocase -filter {name =~ "*microblaze*#0" && bscan=="USER2" }
loadhw -hw D:/vivado_first/2026_Project_AXI_I2C/vitis_workspace/design_1_wrapper/export/design_1_wrapper/hw/design_1_wrapper.xsa -regs
configparams mdm-detect-bscan-mask 2
targets -set -nocase -filter {name =~ "*microblaze*#0" && bscan=="USER2" }
rst -system
after 3000
targets -set -nocase -filter {name =~ "*microblaze*#0" && bscan=="USER2" }
dow D:/vivado_first/2026_Project_AXI_I2C/vitis_workspace/AXI_I2C_p/Debug/AXI_I2C_p.elf
----------------End of Script----------------

17:49:44 INFO  : Context for processor 'microblaze_0' is selected.
17:49:44 INFO  : 'con' command is executed.
17:49:44 INFO  : ----------------XSDB Script (After Launch)----------------
targets -set -nocase -filter {name =~ "*microblaze*#0" && bscan=="USER2" }
con
----------------End of Script----------------

17:49:44 INFO  : Launch script is exported to file 'D:\vivado_first\2026_Project_AXI_I2C\vitis_workspace\AXI_I2C_p_system\_ide\scripts\debugger_axi_i2c_p-default.tcl'
17:55:09 INFO  : Checking for BSP changes to sync application flags for project 'AXI_I2C_p'...
17:55:15 INFO  : Disconnected from the channel tcfchan#14.
17:55:16 INFO  : Connected to target on host '127.0.0.1' and port '3121'.
17:55:17 INFO  : Jtag cable 'Digilent Basys3 210183B81A3DA' is selected.
17:55:17 INFO  : 'jtag frequency' command is executed.
17:55:17 INFO  : 'targets -set -filter {jtag_cable_name =~ "Digilent Basys3 210183B81A3DA" && level==0 && jtag_device_ctx=="jsn-Basys3-210183B81A3DA-0362d093-0"}' command is executed.
17:55:17 INFO  : Device configured successfully with "D:/vivado_first/2026_Project_AXI_I2C/vitis_workspace/AXI_I2C_p/_ide/bitstream/design_1_wrapper.bit"
17:55:17 INFO  : Context for processor 'microblaze_0' is selected.
17:55:17 INFO  : Hardware design and registers information is loaded from 'D:/vivado_first/2026_Project_AXI_I2C/vitis_workspace/design_1_wrapper/export/design_1_wrapper/hw/design_1_wrapper.xsa'.
17:55:17 INFO  : 'configparams mdm-detect-bscan-mask 2' command is executed.
17:55:17 INFO  : Context for processor 'microblaze_0' is selected.
17:55:17 INFO  : System reset is completed.
17:55:20 INFO  : 'after 3000' command is executed.
17:55:20 INFO  : Context for processor 'microblaze_0' is selected.
17:55:20 INFO  : The application 'D:/vivado_first/2026_Project_AXI_I2C/vitis_workspace/AXI_I2C_p/Debug/AXI_I2C_p.elf' is downloaded to processor 'microblaze_0'.
17:55:20 INFO  : ----------------XSDB Script----------------
connect -url tcp:127.0.0.1:3121
targets -set -filter {jtag_cable_name =~ "Digilent Basys3 210183B81A3DA" && level==0 && jtag_device_ctx=="jsn-Basys3-210183B81A3DA-0362d093-0"}
fpga -file D:/vivado_first/2026_Project_AXI_I2C/vitis_workspace/AXI_I2C_p/_ide/bitstream/design_1_wrapper.bit
targets -set -nocase -filter {name =~ "*microblaze*#0" && bscan=="USER2" }
loadhw -hw D:/vivado_first/2026_Project_AXI_I2C/vitis_workspace/design_1_wrapper/export/design_1_wrapper/hw/design_1_wrapper.xsa -regs
configparams mdm-detect-bscan-mask 2
targets -set -nocase -filter {name =~ "*microblaze*#0" && bscan=="USER2" }
rst -system
after 3000
targets -set -nocase -filter {name =~ "*microblaze*#0" && bscan=="USER2" }
dow D:/vivado_first/2026_Project_AXI_I2C/vitis_workspace/AXI_I2C_p/Debug/AXI_I2C_p.elf
----------------End of Script----------------

17:55:20 INFO  : Context for processor 'microblaze_0' is selected.
17:55:20 INFO  : 'con' command is executed.
17:55:20 INFO  : ----------------XSDB Script (After Launch)----------------
targets -set -nocase -filter {name =~ "*microblaze*#0" && bscan=="USER2" }
con
----------------End of Script----------------

17:55:20 INFO  : Launch script is exported to file 'D:\vivado_first\2026_Project_AXI_I2C\vitis_workspace\AXI_I2C_p_system\_ide\scripts\debugger_axi_i2c_p-default.tcl'
17:57:13 INFO  : Checking for BSP changes to sync application flags for project 'AXI_I2C_p'...
17:57:20 INFO  : Disconnected from the channel tcfchan#15.
17:57:21 INFO  : Connected to target on host '127.0.0.1' and port '3121'.
17:57:21 INFO  : Jtag cable 'Digilent Basys3 210183B81A3DA' is selected.
17:57:21 INFO  : 'jtag frequency' command is executed.
17:57:21 INFO  : 'targets -set -filter {jtag_cable_name =~ "Digilent Basys3 210183B81A3DA" && level==0 && jtag_device_ctx=="jsn-Basys3-210183B81A3DA-0362d093-0"}' command is executed.
17:57:21 INFO  : Device configured successfully with "D:/vivado_first/2026_Project_AXI_I2C/vitis_workspace/AXI_I2C_p/_ide/bitstream/design_1_wrapper.bit"
17:57:21 INFO  : Context for processor 'microblaze_0' is selected.
17:57:21 INFO  : Hardware design and registers information is loaded from 'D:/vivado_first/2026_Project_AXI_I2C/vitis_workspace/design_1_wrapper/export/design_1_wrapper/hw/design_1_wrapper.xsa'.
17:57:21 INFO  : 'configparams mdm-detect-bscan-mask 2' command is executed.
17:57:21 INFO  : Context for processor 'microblaze_0' is selected.
17:57:21 INFO  : System reset is completed.
17:57:24 INFO  : 'after 3000' command is executed.
17:57:24 INFO  : Context for processor 'microblaze_0' is selected.
17:57:24 INFO  : The application 'D:/vivado_first/2026_Project_AXI_I2C/vitis_workspace/AXI_I2C_p/Debug/AXI_I2C_p.elf' is downloaded to processor 'microblaze_0'.
17:57:24 INFO  : ----------------XSDB Script----------------
connect -url tcp:127.0.0.1:3121
targets -set -filter {jtag_cable_name =~ "Digilent Basys3 210183B81A3DA" && level==0 && jtag_device_ctx=="jsn-Basys3-210183B81A3DA-0362d093-0"}
fpga -file D:/vivado_first/2026_Project_AXI_I2C/vitis_workspace/AXI_I2C_p/_ide/bitstream/design_1_wrapper.bit
targets -set -nocase -filter {name =~ "*microblaze*#0" && bscan=="USER2" }
loadhw -hw D:/vivado_first/2026_Project_AXI_I2C/vitis_workspace/design_1_wrapper/export/design_1_wrapper/hw/design_1_wrapper.xsa -regs
configparams mdm-detect-bscan-mask 2
targets -set -nocase -filter {name =~ "*microblaze*#0" && bscan=="USER2" }
rst -system
after 3000
targets -set -nocase -filter {name =~ "*microblaze*#0" && bscan=="USER2" }
dow D:/vivado_first/2026_Project_AXI_I2C/vitis_workspace/AXI_I2C_p/Debug/AXI_I2C_p.elf
----------------End of Script----------------

17:57:24 INFO  : Context for processor 'microblaze_0' is selected.
17:57:25 INFO  : 'con' command is executed.
17:57:25 INFO  : ----------------XSDB Script (After Launch)----------------
targets -set -nocase -filter {name =~ "*microblaze*#0" && bscan=="USER2" }
con
----------------End of Script----------------

17:57:25 INFO  : Launch script is exported to file 'D:\vivado_first\2026_Project_AXI_I2C\vitis_workspace\AXI_I2C_p_system\_ide\scripts\debugger_axi_i2c_p-default.tcl'
17:57:44 INFO  : Disconnected from the channel tcfchan#16.
17:57:45 INFO  : Connected to target on host '127.0.0.1' and port '3121'.
17:57:46 INFO  : Jtag cable 'Digilent Basys3 210183B81A3DA' is selected.
17:57:46 INFO  : 'jtag frequency' command is executed.
17:57:46 INFO  : 'targets -set -filter {jtag_cable_name =~ "Digilent Basys3 210183B81A3DA" && level==0 && jtag_device_ctx=="jsn-Basys3-210183B81A3DA-0362d093-0"}' command is executed.
17:57:46 INFO  : Device configured successfully with "D:/vivado_first/2026_Project_AXI_I2C/vitis_workspace/AXI_I2C_p/_ide/bitstream/design_1_wrapper.bit"
17:57:46 INFO  : Context for processor 'microblaze_0' is selected.
17:57:46 INFO  : Hardware design and registers information is loaded from 'D:/vivado_first/2026_Project_AXI_I2C/vitis_workspace/design_1_wrapper/export/design_1_wrapper/hw/design_1_wrapper.xsa'.
17:57:46 INFO  : 'configparams mdm-detect-bscan-mask 2' command is executed.
17:57:46 INFO  : Context for processor 'microblaze_0' is selected.
17:57:46 INFO  : System reset is completed.
17:57:49 INFO  : 'after 3000' command is executed.
17:57:49 INFO  : Context for processor 'microblaze_0' is selected.
17:57:49 INFO  : The application 'D:/vivado_first/2026_Project_AXI_I2C/vitis_workspace/AXI_I2C_p/Debug/AXI_I2C_p.elf' is downloaded to processor 'microblaze_0'.
17:57:49 INFO  : ----------------XSDB Script----------------
connect -url tcp:127.0.0.1:3121
targets -set -filter {jtag_cable_name =~ "Digilent Basys3 210183B81A3DA" && level==0 && jtag_device_ctx=="jsn-Basys3-210183B81A3DA-0362d093-0"}
fpga -file D:/vivado_first/2026_Project_AXI_I2C/vitis_workspace/AXI_I2C_p/_ide/bitstream/design_1_wrapper.bit
targets -set -nocase -filter {name =~ "*microblaze*#0" && bscan=="USER2" }
loadhw -hw D:/vivado_first/2026_Project_AXI_I2C/vitis_workspace/design_1_wrapper/export/design_1_wrapper/hw/design_1_wrapper.xsa -regs
configparams mdm-detect-bscan-mask 2
targets -set -nocase -filter {name =~ "*microblaze*#0" && bscan=="USER2" }
rst -system
after 3000
targets -set -nocase -filter {name =~ "*microblaze*#0" && bscan=="USER2" }
dow D:/vivado_first/2026_Project_AXI_I2C/vitis_workspace/AXI_I2C_p/Debug/AXI_I2C_p.elf
----------------End of Script----------------

17:57:49 INFO  : Context for processor 'microblaze_0' is selected.
17:57:49 INFO  : 'con' command is executed.
17:57:49 INFO  : ----------------XSDB Script (After Launch)----------------
targets -set -nocase -filter {name =~ "*microblaze*#0" && bscan=="USER2" }
con
----------------End of Script----------------

17:57:49 INFO  : Launch script is exported to file 'D:\vivado_first\2026_Project_AXI_I2C\vitis_workspace\AXI_I2C_p_system\_ide\scripts\debugger_axi_i2c_p-default.tcl'
17:59:13 INFO  : Checking for BSP changes to sync application flags for project 'AXI_I2C_p'...
17:59:19 INFO  : Disconnected from the channel tcfchan#17.
17:59:20 INFO  : Connected to target on host '127.0.0.1' and port '3121'.
17:59:20 INFO  : Jtag cable 'Digilent Basys3 210183B81A3DA' is selected.
17:59:20 INFO  : 'jtag frequency' command is executed.
17:59:20 INFO  : 'targets -set -filter {jtag_cable_name =~ "Digilent Basys3 210183B81A3DA" && level==0 && jtag_device_ctx=="jsn-Basys3-210183B81A3DA-0362d093-0"}' command is executed.
17:59:20 INFO  : Device configured successfully with "D:/vivado_first/2026_Project_AXI_I2C/vitis_workspace/AXI_I2C_p/_ide/bitstream/design_1_wrapper.bit"
17:59:20 INFO  : Context for processor 'microblaze_0' is selected.
17:59:20 INFO  : Hardware design and registers information is loaded from 'D:/vivado_first/2026_Project_AXI_I2C/vitis_workspace/design_1_wrapper/export/design_1_wrapper/hw/design_1_wrapper.xsa'.
17:59:20 INFO  : 'configparams mdm-detect-bscan-mask 2' command is executed.
17:59:20 INFO  : Context for processor 'microblaze_0' is selected.
17:59:20 INFO  : System reset is completed.
17:59:23 INFO  : 'after 3000' command is executed.
17:59:23 INFO  : Context for processor 'microblaze_0' is selected.
17:59:23 INFO  : The application 'D:/vivado_first/2026_Project_AXI_I2C/vitis_workspace/AXI_I2C_p/Debug/AXI_I2C_p.elf' is downloaded to processor 'microblaze_0'.
17:59:23 INFO  : ----------------XSDB Script----------------
connect -url tcp:127.0.0.1:3121
targets -set -filter {jtag_cable_name =~ "Digilent Basys3 210183B81A3DA" && level==0 && jtag_device_ctx=="jsn-Basys3-210183B81A3DA-0362d093-0"}
fpga -file D:/vivado_first/2026_Project_AXI_I2C/vitis_workspace/AXI_I2C_p/_ide/bitstream/design_1_wrapper.bit
targets -set -nocase -filter {name =~ "*microblaze*#0" && bscan=="USER2" }
loadhw -hw D:/vivado_first/2026_Project_AXI_I2C/vitis_workspace/design_1_wrapper/export/design_1_wrapper/hw/design_1_wrapper.xsa -regs
configparams mdm-detect-bscan-mask 2
targets -set -nocase -filter {name =~ "*microblaze*#0" && bscan=="USER2" }
rst -system
after 3000
targets -set -nocase -filter {name =~ "*microblaze*#0" && bscan=="USER2" }
dow D:/vivado_first/2026_Project_AXI_I2C/vitis_workspace/AXI_I2C_p/Debug/AXI_I2C_p.elf
----------------End of Script----------------

17:59:23 INFO  : Context for processor 'microblaze_0' is selected.
17:59:24 INFO  : 'con' command is executed.
17:59:24 INFO  : ----------------XSDB Script (After Launch)----------------
targets -set -nocase -filter {name =~ "*microblaze*#0" && bscan=="USER2" }
con
----------------End of Script----------------

17:59:24 INFO  : Launch script is exported to file 'D:\vivado_first\2026_Project_AXI_I2C\vitis_workspace\AXI_I2C_p_system\_ide\scripts\debugger_axi_i2c_p-default.tcl'
18:00:37 INFO  : Disconnected from the channel tcfchan#18.
18:00:38 INFO  : Connected to target on host '127.0.0.1' and port '3121'.
18:00:38 INFO  : Jtag cable 'Digilent Basys3 210183B81A3DA' is selected.
18:00:38 INFO  : 'jtag frequency' command is executed.
18:00:39 INFO  : 'targets -set -filter {jtag_cable_name =~ "Digilent Basys3 210183B81A3DA" && level==0 && jtag_device_ctx=="jsn-Basys3-210183B81A3DA-0362d093-0"}' command is executed.
18:00:39 INFO  : Device configured successfully with "D:/vivado_first/2026_Project_AXI_I2C/vitis_workspace/AXI_I2C_p/_ide/bitstream/design_1_wrapper.bit"
18:00:39 INFO  : Context for processor 'microblaze_0' is selected.
18:00:39 INFO  : Hardware design and registers information is loaded from 'D:/vivado_first/2026_Project_AXI_I2C/vitis_workspace/design_1_wrapper/export/design_1_wrapper/hw/design_1_wrapper.xsa'.
18:00:39 INFO  : 'configparams mdm-detect-bscan-mask 2' command is executed.
18:00:39 INFO  : Context for processor 'microblaze_0' is selected.
18:00:39 INFO  : System reset is completed.
18:00:42 INFO  : 'after 3000' command is executed.
18:00:42 INFO  : Context for processor 'microblaze_0' is selected.
18:00:42 INFO  : The application 'D:/vivado_first/2026_Project_AXI_I2C/vitis_workspace/AXI_I2C_p/Debug/AXI_I2C_p.elf' is downloaded to processor 'microblaze_0'.
18:00:42 INFO  : ----------------XSDB Script----------------
connect -url tcp:127.0.0.1:3121
targets -set -filter {jtag_cable_name =~ "Digilent Basys3 210183B81A3DA" && level==0 && jtag_device_ctx=="jsn-Basys3-210183B81A3DA-0362d093-0"}
fpga -file D:/vivado_first/2026_Project_AXI_I2C/vitis_workspace/AXI_I2C_p/_ide/bitstream/design_1_wrapper.bit
targets -set -nocase -filter {name =~ "*microblaze*#0" && bscan=="USER2" }
loadhw -hw D:/vivado_first/2026_Project_AXI_I2C/vitis_workspace/design_1_wrapper/export/design_1_wrapper/hw/design_1_wrapper.xsa -regs
configparams mdm-detect-bscan-mask 2
targets -set -nocase -filter {name =~ "*microblaze*#0" && bscan=="USER2" }
rst -system
after 3000
targets -set -nocase -filter {name =~ "*microblaze*#0" && bscan=="USER2" }
dow D:/vivado_first/2026_Project_AXI_I2C/vitis_workspace/AXI_I2C_p/Debug/AXI_I2C_p.elf
----------------End of Script----------------

18:00:42 INFO  : Context for processor 'microblaze_0' is selected.
18:00:42 INFO  : 'con' command is executed.
18:00:42 INFO  : ----------------XSDB Script (After Launch)----------------
targets -set -nocase -filter {name =~ "*microblaze*#0" && bscan=="USER2" }
con
----------------End of Script----------------

18:00:42 INFO  : Launch script is exported to file 'D:\vivado_first\2026_Project_AXI_I2C\vitis_workspace\AXI_I2C_p_system\_ide\scripts\debugger_axi_i2c_p-default.tcl'
18:12:55 INFO  : Disconnected from the channel tcfchan#19.
18:26:30 INFO  : Launching XSCT server: xsct.bat -n  -interactive D:\vivado_first\2026_Project_AXI_I2C\vitis_workspace\temp_xsdb_launch_script.tcl
18:26:32 INFO  : XSCT server has started successfully.
18:26:32 INFO  : plnx-install-location is set to ''
18:26:32 INFO  : Successfully done setting XSCT server connection channel  
18:26:32 INFO  : Successfully done setting workspace for the tool. 
18:26:35 INFO  : Platform repository initialization has completed.
18:26:35 INFO  : Registering command handlers for Vitis TCF services
18:26:40 INFO  : Successfully done query RDI_DATADIR 
